-- phpMyAdmin SQL Dump
-- version 5.0.2
-- https://www.phpmyadmin.net/
--
-- Host: 127.0.0.1:3306
-- Generation Time: Oct 29, 2022 at 06:14 PM
-- Server version: 5.7.31
-- PHP Version: 7.4.9

SET SQL_MODE = "NO_AUTO_VALUE_ON_ZERO";
START TRANSACTION;
SET time_zone = "+00:00";


/*!40101 SET @OLD_CHARACTER_SET_CLIENT=@@CHARACTER_SET_CLIENT */;
/*!40101 SET @OLD_CHARACTER_SET_RESULTS=@@CHARACTER_SET_RESULTS */;
/*!40101 SET @OLD_COLLATION_CONNECTION=@@COLLATION_CONNECTION */;
/*!40101 SET NAMES utf8mb4 */;

--
-- Database: `laravel_api_envato`
--

-- --------------------------------------------------------

--
-- Table structure for table `customers`
--

DROP TABLE IF EXISTS `customers`;
CREATE TABLE IF NOT EXISTS `customers` (
  `id` bigint(20) UNSIGNED NOT NULL AUTO_INCREMENT,
  `name` varchar(191) COLLATE utf8mb4_unicode_ci NOT NULL,
  `type` varchar(191) COLLATE utf8mb4_unicode_ci NOT NULL,
  `email` varchar(191) COLLATE utf8mb4_unicode_ci NOT NULL,
  `address` varchar(191) COLLATE utf8mb4_unicode_ci NOT NULL,
  `city` varchar(191) COLLATE utf8mb4_unicode_ci NOT NULL,
  `state` varchar(191) COLLATE utf8mb4_unicode_ci NOT NULL,
  `postal_code` varchar(191) COLLATE utf8mb4_unicode_ci NOT NULL,
  `created_at` timestamp NULL DEFAULT NULL,
  `updated_at` timestamp NULL DEFAULT NULL,
  PRIMARY KEY (`id`)
) ENGINE=MyISAM AUTO_INCREMENT=158 DEFAULT CHARSET=utf8mb4 COLLATE=utf8mb4_unicode_ci;

--
-- Dumping data for table `customers`
--

INSERT INTO `customers` (`id`, `name`, `type`, `email`, `address`, `city`, `state`, `postal_code`, `created_at`, `updated_at`) VALUES
(48, 'Becker PLC', 'B', 'kmedhurst@hayes.info', '68164 Lebsack Fort', 'Quitzonfurt', 'Maine', '73063-9082', '2022-09-24 01:49:15', '2022-09-24 01:49:15'),
(47, 'Jayce Schaefer', 'I', 'zlindgren@kuhic.com', '39241 Madilyn Inlet Apt. 445', 'East Deliaton', 'Texas', '62920', '2022-09-24 01:49:15', '2022-09-24 01:49:15'),
(46, 'Bret Schimmel V', 'I', 'norris14@hotmail.com', '1411 Ankunding Mill', 'East Thoraview', 'Georgia', '70275-9768', '2022-09-24 01:49:15', '2022-09-24 01:49:15'),
(45, 'Green-Goldner', 'B', 'wolff.cayla@hotmail.com', '99278 Edyth Ferry Suite 568', 'South Kevonport', 'Wyoming', '12632-4541', '2022-09-24 01:49:15', '2022-09-24 01:49:15'),
(44, 'Kertzmann-Kuhlman', 'B', 'ecrist@dooley.biz', '166 Allison Skyway', 'Aylinhaven', 'Washington', '92291', '2022-09-24 01:49:15', '2022-09-24 01:49:15'),
(43, 'Predovic PLC', 'B', 'wiegand.ulises@kilback.org', '12764 Isai Spur Apt. 471', 'West Corbin', 'California', '16532-9453', '2022-09-24 01:49:15', '2022-09-24 01:49:15'),
(42, 'Dr. Kelvin Hansen', 'I', 'sammie89@gmail.com', '3551 Funk Hollow Suite 384', 'East Kassandraburgh', 'South Carolina', '21430-6582', '2022-09-24 01:49:15', '2022-09-24 01:49:15'),
(41, 'Lehner Inc', 'B', 'marks.marilyne@gmail.com', '3201 Hettie Fall Apt. 404', 'West Devinport', 'Florida', '50832', '2022-09-24 01:49:15', '2022-09-24 01:49:15'),
(40, 'Hintz, Volkman and Pagac', 'B', 'elody45@schaefer.com', '8546 Deckow Ridge', 'Keeblerborough', 'Wyoming', '62286-2145', '2022-09-24 01:49:15', '2022-09-24 01:49:15'),
(39, 'Prof. Deanna Oberbrunner', 'I', 'glenda.heaney@hotmail.com', '978 Schmitt Village', 'Marquisetown', 'Maryland', '82368-0898', '2022-09-24 01:49:15', '2022-09-24 01:49:15'),
(38, 'Dr. Kaia Rosenbaum III', 'I', 'cweissnat@hotmail.com', '326 Fisher Ridges Apt. 858', 'Guidohaven', 'Michigan', '87473-0936', '2022-09-24 01:49:15', '2022-09-24 01:49:15'),
(37, 'Raoul Bode', 'I', 'umcdermott@yahoo.com', '83283 Lindgren Forest', 'Larsonborough', 'Nebraska', '30529', '2022-09-24 01:49:15', '2022-09-24 01:49:15'),
(36, 'Kub, Reichert and Lindgren', 'B', 'white.garrick@parker.com', '46645 Kurtis Freeway', 'East Norwoodborough', 'New Mexico', '83140', '2022-09-24 01:49:15', '2022-09-24 01:49:15'),
(35, 'Rowe, Kuvalis and Kilback', 'B', 'christian87@keebler.biz', '1990 Crooks Park', 'North Clydeton', 'Florida', '48669-8442', '2022-09-24 01:49:15', '2022-09-24 01:49:15'),
(34, 'Genoveva O\'Keefe', 'I', 'arvid15@hotmail.com', '534 Tressa Meadow Suite 063', 'Aldafurt', 'Illinois', '45154', '2022-09-24 01:49:15', '2022-09-24 01:49:15'),
(33, 'Dr. Bo Johnston', 'I', 'wyatt98@quitzon.com', '67438 Barbara Islands', 'North Luciano', 'Nebraska', '24130-7192', '2022-09-24 01:49:15', '2022-09-24 01:49:15'),
(32, 'Esther Yundt', 'I', 'velva48@yahoo.com', '104 Dare Key Apt. 454', 'Purdyhaven', 'Alaska', '48232-4416', '2022-09-24 01:49:15', '2022-09-24 01:49:15'),
(31, 'Prof. Yoshiko Kirlin', 'I', 'linda28@yahoo.com', '71059 Hand Locks Apt. 730', 'East Pinkieton', 'Montana', '92884-3625', '2022-09-24 01:49:15', '2022-09-24 01:49:15'),
(30, 'Christiansen-Yundt', 'B', 'tommie.gorczany@hotmail.com', '706 Bartell Crescent', 'North Cody', 'New Hampshire', '51312', '2022-09-24 01:49:15', '2022-09-24 01:49:15'),
(29, 'Geraldine Schuppe', 'I', 'stamm.mayra@klein.com', '97712 Kovacek Brooks Suite 612', 'Modestomouth', 'Wyoming', '65065-2414', '2022-09-24 01:49:15', '2022-09-24 01:49:15'),
(27, 'Raul Smitham', 'I', 'oconnell.kaylee@yahoo.com', '2520 Liliane Port', 'Jeannestad', 'Idaho', '84605', '2022-09-24 01:48:17', '2022-09-24 01:48:17'),
(28, 'Rice-Leffler', 'B', 'constance16@lueilwitz.com', '17376 O\'Hara Freeway', 'West Landenmouth', 'Idaho', '11661-8171', '2022-09-24 01:49:15', '2022-09-24 01:49:15'),
(49, 'Howe, Morar and Kessler', 'B', 'dhaley@ernser.com', '6821 Kiarra Forest', 'Floville', 'Tennessee', '56056-6249', '2022-09-24 01:49:15', '2022-09-24 01:49:15'),
(50, 'Telly Kshlerin III', 'I', 'hhand@hotmail.com', '6891 Adolph Ferry', 'Lake Thelmahaven', 'Wisconsin', '00039', '2022-09-24 01:49:15', '2022-09-24 01:49:15'),
(51, 'Kulas, Rutherford and Gusikowski', 'B', 'rigoberto57@crist.info', '35611 Carter Cape', 'Hickletown', 'New Jersey', '04933-4223', '2022-09-24 01:49:15', '2022-09-24 01:49:15'),
(52, 'Cormier and Sons', 'B', 'vemmerich@gmail.com', '8608 Turner Hills Apt. 270', 'New Velda', 'Alaska', '92212', '2022-09-24 01:49:15', '2022-09-24 01:49:15'),
(53, 'O\'Keefe, Breitenberg and O\'Kon', 'B', 'koch.pat@shields.biz', '3982 Era Club Suite 672', 'Port Kaylieburgh', 'Connecticut', '13887-3135', '2022-09-24 01:49:15', '2022-09-24 01:49:15'),
(54, 'Daniel, Bruen and Hettinger', 'B', 'rconroy@mills.com', '1793 Richard Trafficway', 'New Jalen', 'Louisiana', '14230-7913', '2022-09-24 01:49:15', '2022-09-24 01:49:15'),
(55, 'Fritsch, Luettgen and Altenwerth', 'B', 'moses83@gmail.com', '3552 Stanley Spurs', 'North Audra', 'Delaware', '48698-2090', '2022-09-24 01:49:15', '2022-09-24 01:49:15'),
(56, 'Bridgette Reinger', 'I', 'vernie27@hotmail.com', '8895 Kilback Tunnel', 'East Elliott', 'New Jersey', '22181-2636', '2022-09-24 01:49:15', '2022-09-24 01:49:15'),
(57, 'Aurelio Murazik', 'I', 'kkassulke@hotmail.com', '763 Stamm Mount', 'East Thaddeus', 'West Virginia', '52092', '2022-09-24 01:49:15', '2022-09-24 01:49:15'),
(58, 'Kessler Inc', 'B', 'icrona@harris.biz', '7604 Padberg Parkway Suite 963', 'Artchester', 'Alaska', '73696', '2022-09-24 01:49:15', '2022-09-24 01:49:15'),
(59, 'Waelchi-Mante', 'B', 'ecarter@tremblay.info', '66215 Marks Estate', 'North Dejonville', 'California', '53990-4884', '2022-09-24 01:49:15', '2022-09-24 01:49:15'),
(60, 'Prohaska-Kessler', 'B', 'joan.ryan@gmail.com', '677 Domingo Row', 'North Jonathanborough', 'North Dakota', '54090', '2022-09-24 01:49:15', '2022-09-24 01:49:15'),
(61, 'Wunsch-Bechtelar', 'B', 'tevin04@pollich.com', '44001 Considine Underpass Apt. 266', 'Chaimtown', 'Massachusetts', '40082-5683', '2022-09-24 01:49:15', '2022-09-24 01:49:15'),
(62, 'Brown-Douglas', 'B', 'favian52@bergstrom.net', '203 Shemar Spurs Apt. 506', 'Greenfelderbury', 'Pennsylvania', '49441', '2022-09-24 01:49:15', '2022-09-24 01:49:15'),
(63, 'Pouros Ltd', 'B', 'yvon@yahoo.com', '693 Johnson Mill Apt. 156', 'Bennyport', 'Hawaii', '94985', '2022-09-24 01:49:15', '2022-09-24 01:49:15'),
(64, 'Durgan-Borer', 'B', 'williamson.maye@gmail.com', '5545 Alec Lodge Suite 217', 'Filomenafurt', 'Michigan', '32280', '2022-09-24 01:49:15', '2022-09-24 01:49:15'),
(65, 'Reinger, Kuvalis and Wolf', 'B', 'jamey38@klein.org', '18463 Henriette Cliff Suite 529', 'Rippinview', 'Colorado', '66108', '2022-09-24 01:49:15', '2022-09-24 01:49:15'),
(66, 'Nya Powlowski', 'I', 'wiegand.arvid@gmail.com', '5541 Michel Views', 'North Nichole', 'Maryland', '38459-6152', '2022-09-24 01:49:15', '2022-09-24 01:49:15'),
(67, 'Donavon Beahan', 'I', 'feil.donavon@yahoo.com', '3407 Champlin Circles', 'Port Zackerymouth', 'Wyoming', '35677', '2022-09-24 01:49:15', '2022-09-24 01:49:15'),
(68, 'Dr. Buddy Bernier Sr.', 'I', 'demarco14@hotmail.com', '27960 Hodkiewicz Brook Apt. 163', 'Stromanton', 'Indiana', '54571', '2022-09-24 01:49:15', '2022-09-24 01:49:15'),
(69, 'Dietrich LLC', 'B', 'wrunolfsson@yahoo.com', '6624 Ashleigh Fields Suite 731', 'New Chaunceyfurt', 'Mississippi', '08253-4306', '2022-09-24 01:49:15', '2022-09-24 01:49:15'),
(70, 'Klein-Smitham', 'B', 'tanner15@hotmail.com', '6725 Klocko Court Suite 211', 'Lake Monserrat', 'Washington', '81362', '2022-09-24 01:49:15', '2022-09-24 01:49:15'),
(71, 'Jovan Crist', 'I', 'randi.hilpert@hotmail.com', '9169 O\'Hara Keys', 'Schambergerbury', 'Pennsylvania', '02852-1381', '2022-09-24 01:49:15', '2022-09-24 01:49:15'),
(72, 'McCullough LLC', 'B', 'enoch.brakus@wintheiser.com', '67397 Ezra Ports', 'Mayermouth', 'Kentucky', '86157', '2022-09-24 01:49:16', '2022-09-24 01:49:16'),
(73, 'Vinnie Skiles', 'I', 'willms.alexa@klocko.com', '7585 Geovanni Key', 'West Avis', 'Washington', '13309-4475', '2022-09-24 01:49:16', '2022-09-24 01:49:16'),
(74, 'Volkman Group', 'B', 'agnes35@murphy.com', '9693 Kenton Unions Apt. 081', 'Lilyton', 'New Mexico', '71161', '2022-09-24 01:49:16', '2022-09-24 01:49:16'),
(75, 'Effie Schuster', 'I', 'schamberger.lacy@yahoo.com', '451 Ariel Cliff', 'Port Jomouth', 'Missouri', '08254-3014', '2022-09-24 01:49:16', '2022-09-24 01:49:16'),
(76, 'Haven Reichert', 'I', 'tgrant@yahoo.com', '77649 Rowe Mall Suite 622', 'Langworthchester', 'Arizona', '66074-6927', '2022-09-24 01:49:16', '2022-09-24 01:49:16'),
(77, 'Okey Pfannerstill', 'I', 'jamison.reinger@bailey.com', '5441 Orn Corners', 'East Candidomouth', 'Arizona', '32315', '2022-09-24 01:49:16', '2022-09-24 01:49:16'),
(78, 'Schaden-Rippin', 'B', 'granville.zemlak@lind.info', '3489 Herzog Road Apt. 239', 'West Nellie', 'Kentucky', '26558-8822', '2022-09-24 01:49:16', '2022-09-24 01:49:16'),
(79, 'Mr. Deion Armstrong', 'I', 'conroy.linda@pfannerstill.biz', '5814 Wehner Squares Suite 905', 'Wisozktown', 'New Jersey', '86493-0693', '2022-09-24 01:49:16', '2022-09-24 01:49:16'),
(80, 'Upton and Sons', 'B', 'jade70@gmail.com', '683 Erna Squares', 'South Ottis', 'Missouri', '42926-6698', '2022-09-24 01:49:16', '2022-09-24 01:49:16'),
(81, 'Kulas-Corkery', 'B', 'claire.lehner@mraz.com', '8281 Clifton Locks Apt. 610', 'Codyburgh', 'Colorado', '02512-4085', '2022-09-24 01:49:16', '2022-09-24 01:49:16'),
(82, 'George Schmidt', 'I', 'shannon.mraz@wunsch.net', '8007 Mertz Mountains Apt. 509', 'East Donnell', 'Rhode Island', '38377-3969', '2022-09-24 01:49:16', '2022-09-24 01:49:16'),
(83, 'Prosacco-Hermiston', 'B', 'kailey.wuckert@schultz.com', '6428 Champlin Lake Suite 861', 'Lake Fatima', 'Nebraska', '06721-8270', '2022-09-24 01:49:16', '2022-09-24 01:49:16'),
(84, 'Michael Wiza I', 'I', 'kulas.augustine@gmail.com', '2749 Amiya Landing Apt. 019', 'New Lura', 'Maryland', '72675', '2022-09-24 01:49:16', '2022-09-24 01:49:16'),
(85, 'Dr. Bertram Goldner', 'I', 'santos10@yahoo.com', '92442 Pfannerstill Greens Suite 003', 'Crystalland', 'Pennsylvania', '41181', '2022-09-24 01:49:16', '2022-09-24 01:49:16'),
(86, 'Murl Goyette', 'I', 'zsporer@yahoo.com', '311 Gusikowski Coves', 'South Crystel', 'Hawaii', '58143', '2022-09-24 01:49:16', '2022-09-24 01:49:16'),
(87, 'Rosalyn Konopelski', 'I', 'wilhelm03@hotmail.com', '6439 Stokes Hills', 'Schneiderchester', 'North Dakota', '33792-2201', '2022-09-24 01:49:16', '2022-09-24 01:49:16'),
(88, 'Lyric Lueilwitz', 'I', 'yvonne.marvin@yahoo.com', '7594 Bradford Locks Suite 097', 'Jaquanmouth', 'Kansas', '40713', '2022-09-24 01:49:16', '2022-09-24 01:49:16'),
(89, 'Schuster-Ritchie', 'B', 'abdul77@gmail.com', '65414 Treutel Flat', 'Danielmouth', 'Oklahoma', '40450-8686', '2022-09-24 01:49:16', '2022-09-24 01:49:16'),
(90, 'Adrain Kulas V', 'I', 'lbode@hotmail.com', '134 Ruecker Radial', 'Hayliefurt', 'Louisiana', '02736-9899', '2022-09-24 01:49:16', '2022-09-24 01:49:16'),
(91, 'Izaiah Hermann', 'I', 'pmoen@legros.com', '608 Kale Meadows Apt. 504', 'South Pearline', 'Idaho', '93325', '2022-09-24 01:49:16', '2022-09-24 01:49:16'),
(92, 'Windler-Krajcik', 'B', 'reichel.royce@yahoo.com', '5758 Ivory Ridges Apt. 861', 'South Cydney', 'South Carolina', '30288', '2022-09-24 01:49:16', '2022-09-24 01:49:16'),
(93, 'Jenkins, Price and Morar', 'B', 'rratke@wehner.com', '29588 Geo Via Apt. 248', 'West Retha', 'Illinois', '21297', '2022-09-24 01:49:16', '2022-09-24 01:49:16'),
(94, 'Fritsch and Sons', 'B', 'wyman.gerhold@mraz.biz', '239 Luz Ridge', 'Stantonville', 'Rhode Island', '90154-4947', '2022-09-24 01:49:16', '2022-09-24 01:49:16'),
(95, 'Prof. Jaiden Kulas', 'I', 'jarod.casper@gmail.com', '16846 Twila Greens Suite 762', 'Ronnyhaven', 'New Mexico', '63747', '2022-09-24 01:49:16', '2022-09-24 01:49:16'),
(96, 'Hessel Inc', 'B', 'hilda.bergstrom@hill.com', '240 Marvin Ford', 'Port Newellville', 'New Hampshire', '63151', '2022-09-24 01:49:16', '2022-09-24 01:49:16'),
(97, 'Milton Will III', 'I', 'ansel.lowe@cummings.com', '62976 Jack Avenue', 'South Amyhaven', 'Mississippi', '35523', '2022-09-24 01:49:16', '2022-09-24 01:49:16'),
(98, 'Prof. Lonnie Daniel', 'I', 'hhettinger@gmail.com', '882 Jaida Square Apt. 413', 'North Laurianne', 'New Jersey', '50667-6081', '2022-09-24 01:49:16', '2022-09-24 01:49:16'),
(99, 'Hoeger-Bogisich', 'B', 'arvid.kemmer@hotmail.com', '4199 Kelsi Greens Suite 227', 'West Kelton', 'California', '41393', '2022-09-24 01:49:16', '2022-09-24 01:49:16'),
(100, 'Hyman Daugherty', 'I', 'winnifred41@yahoo.com', '7418 Rodriguez Mall', 'Port Angelo', 'Tennessee', '17061-1304', '2022-09-24 01:49:16', '2022-09-24 01:49:16'),
(101, 'Noah Wisozk III', 'I', 'ebalistreri@gmail.com', '83400 Queen Burg Apt. 338', 'Sydneybury', 'New Mexico', '09739-9679', '2022-09-24 01:49:16', '2022-09-24 01:49:16'),
(102, 'Altenwerth-Haley', 'B', 'gleichner.betty@goldner.com', '55153 Davis Street Apt. 263', 'East Noeberg', 'Utah', '86406', '2022-09-24 01:49:16', '2022-09-24 01:49:16'),
(103, 'Kyler Lind', 'I', 'sterling.kris@raynor.com', '432 Kaylie Ports Apt. 938', 'Nitzschehaven', 'Arkansas', '30166-9087', '2022-09-24 01:49:16', '2022-09-24 01:49:16'),
(104, 'Little Inc', 'B', 'savannah99@cole.com', '9060 Douglas Bypass', 'New Brad', 'Missouri', '74100-6242', '2022-09-24 01:49:16', '2022-09-24 01:49:16'),
(105, 'Roscoe Auer', 'I', 'kromaguera@hotmail.com', '63333 Ciara Inlet Apt. 896', 'Grimesmouth', 'Maine', '18407', '2022-09-24 01:49:16', '2022-09-24 01:49:16'),
(106, 'Effertz-Stiedemann', 'B', 'jaydon.walter@hotmail.com', '3985 Gutkowski Expressway', 'South Eulalia', 'Florida', '19135', '2022-09-24 01:49:16', '2022-09-24 01:49:16'),
(107, 'Nicolas-O\'Keefe', 'B', 'haag.tyrese@gmail.com', '503 Lemke Mountain Suite 978', 'Dickensview', 'Arkansas', '28934', '2022-09-24 01:49:16', '2022-09-24 01:49:16'),
(108, 'Herzog and Sons', 'B', 'margaret11@blanda.com', '6539 Beer Course', 'Brownchester', 'Arizona', '36015', '2022-09-24 01:49:16', '2022-09-24 01:49:16'),
(109, 'Dimitri Zemlak', 'I', 'asha70@gmail.com', '298 Dallin Roads Apt. 940', 'Reynoldsfort', 'Oregon', '39154', '2022-09-24 01:49:16', '2022-09-24 01:49:16'),
(110, 'Luz Brakus II', 'I', 'yondricka@marvin.com', '11648 Celia Fields Suite 604', 'Stromanside', 'New Mexico', '04892', '2022-09-24 01:49:16', '2022-09-24 01:49:16'),
(111, 'Francesca Heller', 'I', 'cummings.alexandrea@considine.com', '4805 Jerome Walks Suite 210', 'Lake Dellatown', 'New Hampshire', '58311', '2022-09-24 01:49:16', '2022-09-24 01:49:16'),
(112, 'Hilton Beier', 'I', 'bjacobs@gmail.com', '805 Ella Mount', 'East Theresa', 'Michigan', '40429', '2022-09-24 01:49:16', '2022-09-24 01:49:16'),
(113, 'Price-Schmitt', 'B', 'nfeeney@emard.info', '791 Walter Roads Apt. 849', 'East Marlonside', 'West Virginia', '65213-3803', '2022-09-24 01:49:16', '2022-09-24 01:49:16'),
(114, 'Labadie, Sipes and Bernhard', 'B', 'fvandervort@gmail.com', '5221 Vinnie Shore', 'New Justina', 'Louisiana', '14093', '2022-09-24 01:49:16', '2022-09-24 01:49:16'),
(115, 'Marcelino Medhurst', 'I', 'flatley.toy@ziemann.com', '15126 Roberts Shores Suite 141', 'Manteberg', 'Delaware', '95984-1089', '2022-09-24 01:49:16', '2022-09-24 01:49:16'),
(116, 'Reichel-Powlowski', 'B', 'daniel.janick@hotmail.com', '372 Quitzon Streets', 'Kimberlyville', 'Oregon', '24400', '2022-09-24 01:49:16', '2022-09-24 01:49:16'),
(117, 'Mohr-Stamm', 'B', 'jerde.ferne@hotmail.com', '5262 Nicolas Turnpike Apt. 957', 'Chesterside', 'Texas', '07896-9395', '2022-09-24 01:49:16', '2022-09-24 01:49:16'),
(118, 'Hollis Rolfson', 'I', 'hodkiewicz.fausto@ebert.com', '1195 Dominique Pass', 'West Jeremieton', 'Hawaii', '02386-7197', '2022-09-24 01:49:16', '2022-09-24 01:49:16'),
(119, 'Brandt Kuhn DVM', 'I', 'jordyn47@grady.com', '8930 Frami Spring Apt. 894', 'Schinnertown', 'Washington', '94444-0801', '2022-09-24 01:49:16', '2022-09-24 01:49:16'),
(120, 'Vito Conroy', 'I', 'haley.catherine@hotmail.com', '8548 Hettinger Trafficway', 'Ryderchester', 'Florida', '23383-1100', '2022-09-24 01:49:16', '2022-09-24 01:49:16'),
(121, 'Prof. Mark Goodwin', 'I', 'madalyn11@yahoo.com', '86312 Luella Lodge Suite 665', 'Aufderharborough', 'Iowa', '30342-7513', '2022-09-24 01:49:16', '2022-09-24 01:49:16'),
(122, 'Ullrich-Howe', 'B', 'runolfsdottir.jefferey@murazik.com', '75313 Kessler Course Suite 636', 'Amiraton', 'North Carolina', '52147', '2022-09-24 01:49:16', '2022-09-24 01:49:16'),
(123, 'Homenick Group', 'B', 'joy.marvin@hotmail.com', '2320 Rollin Port Suite 685', 'North Nicoleport', 'Idaho', '64786', '2022-09-24 01:49:16', '2022-09-24 01:49:16'),
(124, 'Kutch, Halvorson and Hermiston', 'B', 'emmy.huels@stracke.com', '42562 Iliana Spur Suite 109', 'Cummeratachester', 'Wisconsin', '41493', '2022-09-24 01:49:16', '2022-09-24 01:49:16'),
(125, 'Prof. Chaz Beahan V', 'I', 'jackie.murazik@nikolaus.com', '202 Nitzsche Path Suite 965', 'North Ambrose', 'Wisconsin', '60325-4758', '2022-09-24 01:49:16', '2022-09-24 01:49:16'),
(126, 'Gladys Feest', 'I', 'fmonahan@gmail.com', '3012 Jarod Mountain', 'Bayleeshire', 'California', '23547', '2022-09-24 01:49:16', '2022-09-24 01:49:16'),
(127, 'Paucek, Russel and Kutch', 'B', 'jameson.dare@ledner.com', '205 Gislason Landing Apt. 632', 'North Terrillside', 'North Carolina', '40438-1786', '2022-09-24 01:49:16', '2022-09-24 01:49:16'),
(128, 'Daniel-Ward', 'B', 'hilario.stark@hodkiewicz.com', '35614 Bernita Stream', 'Port Luis', 'Maryland', '26614', '2022-09-24 01:49:16', '2022-09-24 01:49:16'),
(129, 'Gerhold-Ebert', 'B', 'kelsi.schaefer@yahoo.com', '889 Herman Plaza', 'Port Avashire', 'Nebraska', '81980', '2022-09-24 01:49:16', '2022-09-24 01:49:16'),
(130, 'Julie Kub', 'I', 'rice.reyes@shields.com', '18636 Angus Branch Suite 365', 'South Alden', 'Washington', '86131-7941', '2022-09-24 01:49:16', '2022-09-24 01:49:16'),
(131, 'Nelson Stamm Sr.', 'I', 'frederique.mohr@hotmail.com', '2937 Ruecker Radial', 'Port Courtney', 'Louisiana', '71535-4779', '2022-09-24 01:49:16', '2022-09-24 01:49:16'),
(132, 'Hartmann-Kihn', 'B', 'aric.ebert@yahoo.com', '3266 Stroman Keys Suite 807', 'West Olgahaven', 'Minnesota', '71768', '2022-09-24 01:49:16', '2022-09-24 01:49:16'),
(133, 'Prof. Perry Reynolds', 'I', 'murphy69@thompson.com', '9927 Reilly Isle Suite 855', 'South Braxton', 'Alaska', '84131', '2022-09-24 01:49:16', '2022-09-24 01:49:16'),
(134, 'Gaylord-Kunze', 'B', 'stella.strosin@gmail.com', '64988 Jacobs Crest', 'Stromanfort', 'California', '63471', '2022-09-24 01:49:16', '2022-09-24 01:49:16'),
(135, 'Powlowski, Harvey and Kessler', 'B', 'tremblay.dedric@hotmail.com', '3836 Hermiston Skyway Apt. 910', 'Port Deangelo', 'Mississippi', '98124-9956', '2022-09-24 01:49:16', '2022-09-24 01:49:16'),
(136, 'Lea Keebler DVM', 'I', 'elvie76@strosin.com', '38173 Spencer Shore Apt. 545', 'Jaskolskiland', 'Michigan', '14378', '2022-09-24 01:49:16', '2022-09-24 01:49:16'),
(137, 'Larkin, Rau and Hand', 'B', 'lehner.jerald@luettgen.com', '150 Dino Fort', 'Lake Dexter', 'Wyoming', '67056', '2022-09-24 01:49:16', '2022-09-24 01:49:16'),
(138, 'Tremblay LLC', 'B', 'adams.wilson@hotmail.com', '6572 Kaelyn Canyon Apt. 113', 'East Devin', 'Maryland', '72431-0967', '2022-09-24 01:49:16', '2022-09-24 01:49:16'),
(139, 'Parker, Johnson and Dibbert', 'B', 'paucek.delores@hotmail.com', '6958 Fiona Manors', 'South Ashley', 'Utah', '36659-6149', '2022-09-24 01:49:16', '2022-09-24 01:49:16'),
(140, 'Ziemann-Hauck', 'B', 'kmraz@purdy.com', '22296 Ankunding Road Apt. 109', 'Marksport', 'Rhode Island', '81350', '2022-09-24 01:49:16', '2022-09-24 01:49:16'),
(141, 'Julianne Cummings', 'I', 'dzemlak@yahoo.com', '779 Heathcote Forges Apt. 470', 'Romagueraview', 'Alabama', '91196', '2022-09-24 01:49:16', '2022-09-24 01:49:16'),
(142, 'Breanne Armstrong', 'I', 'greenholt.emmett@leffler.com', '6602 Shanahan Light', 'Agustinport', 'Arizona', '84942', '2022-09-24 01:49:16', '2022-09-24 01:49:16'),
(143, 'Prohaska-Bartoletti', 'B', 'zluettgen@terry.org', '31673 Richard Heights', 'Lake Daytonland', 'New Jersey', '70632', '2022-09-24 01:49:16', '2022-09-24 01:49:16'),
(144, 'Mrs. Felipa Herman', 'I', 'koch.marcelino@will.com', '66342 Eldridge Causeway Suite 017', 'Bogisichstad', 'Pennsylvania', '39815-4029', '2022-09-24 01:49:16', '2022-09-24 01:49:16'),
(145, 'Heller LLC', 'B', 'isai23@nader.com', '3805 Hill Ways', 'Hunterport', 'Utah', '41217-5080', '2022-09-24 01:49:16', '2022-09-24 01:49:16'),
(146, 'Isabel Renner', 'I', 'orland68@hotmail.com', '2714 Brakus Junctions Suite 347', 'Hailiefort', 'Wisconsin', '61354-6473', '2022-09-24 01:49:16', '2022-09-24 01:49:16'),
(147, 'Rutherford, Pacocha and Raynor', 'B', 'eddie07@yahoo.com', '795 Rory Roads', 'Kiehnville', 'Florida', '52067', '2022-09-24 01:49:16', '2022-09-24 01:49:16'),
(148, 'Daniel, Reinger and Wyman', 'B', 'franz07@heathcote.com', '407 Johan Heights Apt. 285', 'Harveyfort', 'Michigan', '05653-7579', '2022-09-24 01:49:16', '2022-09-24 01:49:16'),
(149, 'Weimann Group', 'B', 'omari.carroll@halvorson.org', '10501 West Loop', 'O\'Haramouth', 'Montana', '44790', '2022-09-24 01:49:16', '2022-09-24 01:49:16'),
(150, 'Bernhard-Simonis', 'B', 'welch.kennedi@turner.info', '792 Eloy Pines Apt. 068', 'Brianburgh', 'Minnesota', '26409', '2022-09-24 01:49:16', '2022-09-24 01:49:16'),
(151, 'Douglas LLC', 'B', 'kkunze@hammes.biz', '69778 Josefa Bypass Suite 622', 'South Sister', 'Connecticut', '89298-5997', '2022-09-24 01:49:16', '2022-09-24 01:49:16'),
(152, 'Albin Veum IV', 'I', 'kautzer.norene@braun.com', '6036 Keara Expressway', 'Omaribury', 'Kentucky', '35040', '2022-09-24 01:49:16', '2022-09-24 01:49:16'),
(153, 'Geraldine Wisoky', 'I', 'hillard.hansen@wolff.com', '177 Collier Lodge', 'New Beaulahside', 'Maine', '09112-2156', '2022-09-24 01:49:16', '2022-09-24 01:49:16'),
(154, 'Daugherty Ltd', 'B', 'shaniya00@yahoo.com', '4645 Hansen Lodge', 'North Camden', 'Texas', '60481', '2022-09-24 01:49:16', '2022-09-24 01:49:16'),
(155, 'Bianka Leffler', 'I', 'malachi37@keebler.com', '46911 Schuster Ranch', 'Howeton', 'Kentucky', '09374', '2022-09-24 01:49:16', '2022-09-24 01:49:16'),
(156, 'Mr. Trenton Torphy DDS', 'I', 'river34@yahoo.com', '9986 Schroeder Lane Suite 937', 'South Zoilaland', 'Alaska', '09061-4866', '2022-09-24 01:49:16', '2022-09-24 01:49:16'),
(157, 'Prof. Russell Cassin', 'I', 'robbie21@hotmail.com', '151 Bergstrom Lane', 'New Lulaville', 'Nebraska', '11620', '2022-09-24 01:49:16', '2022-09-24 01:49:16');

-- --------------------------------------------------------

--
-- Table structure for table `failed_jobs`
--

DROP TABLE IF EXISTS `failed_jobs`;
CREATE TABLE IF NOT EXISTS `failed_jobs` (
  `id` bigint(20) UNSIGNED NOT NULL AUTO_INCREMENT,
  `uuid` varchar(60) COLLATE utf8mb4_unicode_ci NOT NULL,
  `connection` text COLLATE utf8mb4_unicode_ci NOT NULL,
  `queue` text COLLATE utf8mb4_unicode_ci NOT NULL,
  `payload` longtext COLLATE utf8mb4_unicode_ci NOT NULL,
  `exception` longtext COLLATE utf8mb4_unicode_ci NOT NULL,
  `failed_at` timestamp NOT NULL DEFAULT CURRENT_TIMESTAMP,
  PRIMARY KEY (`id`),
  UNIQUE KEY `failed_jobs_uuid_unique` (`uuid`)
) ENGINE=MyISAM DEFAULT CHARSET=utf8mb4 COLLATE=utf8mb4_unicode_ci;

-- --------------------------------------------------------

--
-- Table structure for table `invoices`
--

DROP TABLE IF EXISTS `invoices`;
CREATE TABLE IF NOT EXISTS `invoices` (
  `id` bigint(20) UNSIGNED NOT NULL AUTO_INCREMENT,
  `customer_id` int(11) NOT NULL,
  `amount` int(11) NOT NULL,
  `status` varchar(191) COLLATE utf8mb4_unicode_ci NOT NULL,
  `billed_dated` varchar(191) COLLATE utf8mb4_unicode_ci NOT NULL,
  `paid_dated` varchar(191) COLLATE utf8mb4_unicode_ci DEFAULT NULL,
  `created_at` timestamp NULL DEFAULT NULL,
  `updated_at` timestamp NULL DEFAULT NULL,
  PRIMARY KEY (`id`)
) ENGINE=MyISAM AUTO_INCREMENT=651 DEFAULT CHARSET=utf8mb4 COLLATE=utf8mb4_unicode_ci;

--
-- Dumping data for table `invoices`
--

INSERT INTO `invoices` (`id`, `customer_id`, `amount`, `status`, `billed_dated`, `paid_dated`, `created_at`, `updated_at`) VALUES
(1, 28, 627, 'V', '2018-08-03 11:25:52', NULL, '2022-09-24 01:49:15', '2022-09-24 01:49:15'),
(2, 28, 524, 'B', '2022-01-10 21:33:11', NULL, '2022-09-24 01:49:15', '2022-09-24 01:49:15'),
(3, 28, 1968, 'B', '2015-03-16 13:38:27', NULL, '2022-09-24 01:49:15', '2022-09-24 01:49:15'),
(4, 28, 326, 'B', '2022-09-12 20:32:25', NULL, '2022-09-24 01:49:15', '2022-09-24 01:49:15'),
(5, 28, 1964, 'V', '2015-01-21 14:06:42', NULL, '2022-09-24 01:49:15', '2022-09-24 01:49:15'),
(6, 28, 1399, 'V', '2019-04-16 16:03:00', NULL, '2022-09-24 01:49:15', '2022-09-24 01:49:15'),
(7, 28, 174, 'V', '2018-03-05 11:53:32', NULL, '2022-09-24 01:49:15', '2022-09-24 01:49:15'),
(8, 28, 1569, 'V', '2013-01-24 03:04:53', NULL, '2022-09-24 01:49:15', '2022-09-24 01:49:15'),
(9, 28, 1737, 'B', '2019-07-10 00:09:47', NULL, '2022-09-24 01:49:15', '2022-09-24 01:49:15'),
(10, 28, 447, 'B', '2019-01-02 10:48:39', NULL, '2022-09-24 01:49:15', '2022-09-24 01:49:15'),
(11, 29, 1159, 'B', '2018-11-06 19:56:32', NULL, '2022-09-24 01:49:15', '2022-09-24 01:49:15'),
(12, 29, 975, 'V', '2017-04-24 13:16:47', NULL, '2022-09-24 01:49:15', '2022-09-24 01:49:15'),
(13, 29, 1842, 'P', '2021-01-31 11:57:53', '2020-08-31 14:24:59', '2022-09-24 01:49:15', '2022-09-24 01:49:15'),
(14, 29, 1639, 'V', '2013-06-25 21:11:30', NULL, '2022-09-24 01:49:15', '2022-09-24 01:49:15'),
(15, 29, 1322, 'P', '2017-06-16 09:28:05', '2019-12-22 23:35:23', '2022-09-24 01:49:15', '2022-09-24 01:49:15'),
(16, 29, 841, 'P', '2018-06-23 16:39:08', '2019-05-21 09:08:09', '2022-09-24 01:49:15', '2022-09-24 01:49:15'),
(17, 29, 1650, 'P', '2016-01-21 05:25:42', '2021-07-14 01:06:48', '2022-09-24 01:49:15', '2022-09-24 01:49:15'),
(18, 29, 1103, 'P', '2017-08-04 09:59:12', '2014-12-06 06:48:15', '2022-09-24 01:49:15', '2022-09-24 01:49:15'),
(19, 29, 1107, 'V', '2013-01-23 06:55:38', NULL, '2022-09-24 01:49:15', '2022-09-24 01:49:15'),
(20, 29, 1857, 'B', '2017-12-27 18:19:04', NULL, '2022-09-24 01:49:15', '2022-09-24 01:49:15'),
(21, 30, 332, 'V', '2019-09-26 03:58:29', NULL, '2022-09-24 01:49:15', '2022-09-24 01:49:15'),
(22, 30, 320, 'V', '2022-08-23 15:17:10', NULL, '2022-09-24 01:49:15', '2022-09-24 01:49:15'),
(23, 30, 1048, 'V', '2016-04-16 15:05:23', NULL, '2022-09-24 01:49:15', '2022-09-24 01:49:15'),
(24, 30, 1889, 'V', '2012-11-29 03:58:03', NULL, '2022-09-24 01:49:15', '2022-09-24 01:49:15'),
(25, 30, 1098, 'P', '2013-05-14 20:57:15', '2019-02-02 00:09:25', '2022-09-24 01:49:15', '2022-09-24 01:49:15'),
(26, 30, 1200, 'V', '2020-01-21 17:07:39', NULL, '2022-09-24 01:49:15', '2022-09-24 01:49:15'),
(27, 30, 1529, 'P', '2020-12-07 11:40:09', '2019-07-30 18:50:07', '2022-09-24 01:49:15', '2022-09-24 01:49:15'),
(28, 30, 1497, 'P', '2013-03-11 07:11:55', '2013-04-27 18:14:41', '2022-09-24 01:49:15', '2022-09-24 01:49:15'),
(29, 30, 415, 'P', '2013-11-23 21:33:39', '2018-03-18 11:08:13', '2022-09-24 01:49:15', '2022-09-24 01:49:15'),
(30, 30, 1753, 'P', '2013-04-21 01:31:24', '2020-11-27 05:46:34', '2022-09-24 01:49:15', '2022-09-24 01:49:15'),
(31, 31, 1219, 'B', '2021-03-10 20:20:03', NULL, '2022-09-24 01:49:15', '2022-09-24 01:49:15'),
(32, 31, 404, 'P', '2014-05-05 07:51:01', '2014-12-27 18:50:08', '2022-09-24 01:49:15', '2022-09-24 01:49:15'),
(33, 31, 609, 'B', '2014-09-06 06:17:13', NULL, '2022-09-24 01:49:15', '2022-09-24 01:49:15'),
(34, 31, 1720, 'V', '2021-08-22 06:53:16', NULL, '2022-09-24 01:49:15', '2022-09-24 01:49:15'),
(35, 31, 259, 'V', '2015-10-29 02:14:14', NULL, '2022-09-24 01:49:15', '2022-09-24 01:49:15'),
(36, 31, 1581, 'V', '2015-07-31 06:30:22', NULL, '2022-09-24 01:49:15', '2022-09-24 01:49:15'),
(37, 31, 1522, 'P', '2020-08-08 15:13:16', '2019-11-16 01:49:14', '2022-09-24 01:49:15', '2022-09-24 01:49:15'),
(38, 31, 1066, 'B', '2022-06-05 01:33:34', NULL, '2022-09-24 01:49:15', '2022-09-24 01:49:15'),
(39, 31, 531, 'V', '2022-09-06 01:16:12', NULL, '2022-09-24 01:49:15', '2022-09-24 01:49:15'),
(40, 31, 587, 'V', '2020-12-07 16:06:51', NULL, '2022-09-24 01:49:15', '2022-09-24 01:49:15'),
(41, 32, 511, 'B', '2013-10-24 07:45:58', NULL, '2022-09-24 01:49:15', '2022-09-24 01:49:15'),
(42, 32, 234, 'B', '2020-03-21 17:23:22', NULL, '2022-09-24 01:49:15', '2022-09-24 01:49:15'),
(43, 32, 1954, 'B', '2016-04-18 18:38:34', NULL, '2022-09-24 01:49:15', '2022-09-24 01:49:15'),
(44, 32, 1664, 'P', '2017-12-07 03:58:42', '2020-06-18 02:16:35', '2022-09-24 01:49:15', '2022-09-24 01:49:15'),
(45, 32, 947, 'P', '2016-04-15 20:29:15', '2012-10-21 22:14:17', '2022-09-24 01:49:15', '2022-09-24 01:49:15'),
(46, 32, 794, 'P', '2018-02-25 21:48:58', '2017-01-26 04:16:12', '2022-09-24 01:49:15', '2022-09-24 01:49:15'),
(47, 32, 1986, 'V', '2014-06-13 09:49:38', NULL, '2022-09-24 01:49:15', '2022-09-24 01:49:15'),
(48, 32, 1752, 'B', '2014-08-22 11:45:33', NULL, '2022-09-24 01:49:15', '2022-09-24 01:49:15'),
(49, 32, 473, 'P', '2013-01-06 11:39:14', '2022-06-21 02:07:05', '2022-09-24 01:49:15', '2022-09-24 01:49:15'),
(50, 32, 716, 'V', '2014-11-17 08:26:01', NULL, '2022-09-24 01:49:15', '2022-09-24 01:49:15'),
(51, 33, 409, 'B', '2018-06-28 15:08:18', NULL, '2022-09-24 01:49:15', '2022-09-24 01:49:15'),
(52, 33, 1714, 'V', '2017-10-05 09:38:50', NULL, '2022-09-24 01:49:15', '2022-09-24 01:49:15'),
(53, 33, 564, 'V', '2015-07-12 07:54:43', NULL, '2022-09-24 01:49:15', '2022-09-24 01:49:15'),
(54, 33, 614, 'P', '2016-11-22 00:19:08', '2017-01-12 12:09:42', '2022-09-24 01:49:15', '2022-09-24 01:49:15'),
(55, 33, 1341, 'V', '2018-01-25 11:42:31', NULL, '2022-09-24 01:49:15', '2022-09-24 01:49:15'),
(56, 33, 152, 'B', '2014-09-07 11:44:22', NULL, '2022-09-24 01:49:15', '2022-09-24 01:49:15'),
(57, 33, 1311, 'P', '2013-04-12 16:11:42', '2021-04-24 10:42:31', '2022-09-24 01:49:15', '2022-09-24 01:49:15'),
(58, 33, 1540, 'B', '2020-05-06 01:08:25', NULL, '2022-09-24 01:49:15', '2022-09-24 01:49:15'),
(59, 33, 1061, 'B', '2020-05-16 05:52:21', NULL, '2022-09-24 01:49:15', '2022-09-24 01:49:15'),
(60, 33, 1102, 'B', '2012-12-04 02:41:42', NULL, '2022-09-24 01:49:15', '2022-09-24 01:49:15'),
(61, 34, 607, 'V', '2014-08-08 08:29:30', NULL, '2022-09-24 01:49:15', '2022-09-24 01:49:15'),
(62, 34, 1704, 'P', '2015-05-27 21:17:52', '2016-12-27 13:18:39', '2022-09-24 01:49:15', '2022-09-24 01:49:15'),
(63, 34, 1762, 'P', '2020-01-28 01:26:46', '2012-10-14 16:05:09', '2022-09-24 01:49:15', '2022-09-24 01:49:15'),
(64, 34, 944, 'P', '2013-04-23 01:48:49', '2021-07-05 00:11:35', '2022-09-24 01:49:15', '2022-09-24 01:49:15'),
(65, 34, 1633, 'V', '2021-04-21 21:34:11', NULL, '2022-09-24 01:49:15', '2022-09-24 01:49:15'),
(66, 34, 606, 'P', '2022-05-15 15:06:22', '2019-06-13 21:41:53', '2022-09-24 01:49:15', '2022-09-24 01:49:15'),
(67, 34, 995, 'V', '2014-05-10 17:31:08', NULL, '2022-09-24 01:49:15', '2022-09-24 01:49:15'),
(68, 34, 707, 'P', '2013-01-15 20:22:14', '2013-02-28 22:04:20', '2022-09-24 01:49:15', '2022-09-24 01:49:15'),
(69, 34, 1287, 'B', '2022-09-23 10:14:20', NULL, '2022-09-24 01:49:15', '2022-09-24 01:49:15'),
(70, 34, 1762, 'V', '2015-09-06 15:52:54', NULL, '2022-09-24 01:49:15', '2022-09-24 01:49:15'),
(71, 35, 226, 'B', '2016-02-18 00:15:17', NULL, '2022-09-24 01:49:15', '2022-09-24 01:49:15'),
(72, 35, 450, 'B', '2013-01-12 20:35:03', NULL, '2022-09-24 01:49:15', '2022-09-24 01:49:15'),
(73, 35, 882, 'B', '2015-06-19 23:58:47', NULL, '2022-09-24 01:49:15', '2022-09-24 01:49:15'),
(74, 35, 1111, 'B', '2017-04-02 03:01:36', NULL, '2022-09-24 01:49:15', '2022-09-24 01:49:15'),
(75, 35, 1391, 'V', '2016-12-07 09:34:42', NULL, '2022-09-24 01:49:15', '2022-09-24 01:49:15'),
(76, 35, 418, 'B', '2019-10-06 02:01:58', NULL, '2022-09-24 01:49:15', '2022-09-24 01:49:15'),
(77, 35, 695, 'V', '2015-09-06 22:26:56', NULL, '2022-09-24 01:49:15', '2022-09-24 01:49:15'),
(78, 35, 1793, 'B', '2014-08-30 16:39:29', NULL, '2022-09-24 01:49:15', '2022-09-24 01:49:15'),
(79, 35, 1364, 'B', '2020-01-20 08:13:05', NULL, '2022-09-24 01:49:15', '2022-09-24 01:49:15'),
(80, 35, 255, 'V', '2018-01-05 18:42:03', NULL, '2022-09-24 01:49:15', '2022-09-24 01:49:15'),
(81, 36, 455, 'P', '2013-09-18 12:19:21', '2019-09-01 12:09:02', '2022-09-24 01:49:15', '2022-09-24 01:49:15'),
(82, 36, 1414, 'B', '2015-12-20 01:26:36', NULL, '2022-09-24 01:49:15', '2022-09-24 01:49:15'),
(83, 36, 1204, 'V', '2017-10-18 18:45:31', NULL, '2022-09-24 01:49:15', '2022-09-24 01:49:15'),
(84, 36, 1623, 'P', '2013-12-17 13:35:37', '2015-12-08 01:41:18', '2022-09-24 01:49:15', '2022-09-24 01:49:15'),
(85, 36, 1389, 'B', '2020-01-02 07:54:07', NULL, '2022-09-24 01:49:15', '2022-09-24 01:49:15'),
(86, 36, 401, 'V', '2022-04-07 15:44:39', NULL, '2022-09-24 01:49:15', '2022-09-24 01:49:15'),
(87, 36, 720, 'V', '2020-06-19 20:07:18', NULL, '2022-09-24 01:49:15', '2022-09-24 01:49:15'),
(88, 36, 303, 'P', '2017-06-13 05:57:19', '2015-07-15 00:59:51', '2022-09-24 01:49:15', '2022-09-24 01:49:15'),
(89, 36, 896, 'P', '2016-05-28 17:18:53', '2022-05-27 08:35:19', '2022-09-24 01:49:15', '2022-09-24 01:49:15'),
(90, 36, 587, 'B', '2014-11-09 17:17:38', NULL, '2022-09-24 01:49:15', '2022-09-24 01:49:15'),
(91, 37, 1253, 'P', '2016-10-19 06:20:14', '2012-11-12 03:51:14', '2022-09-24 01:49:15', '2022-09-24 01:49:15'),
(92, 37, 1334, 'V', '2020-08-14 22:34:01', NULL, '2022-09-24 01:49:15', '2022-09-24 01:49:15'),
(93, 37, 889, 'B', '2017-03-08 05:56:49', NULL, '2022-09-24 01:49:15', '2022-09-24 01:49:15'),
(94, 37, 1043, 'B', '2019-10-07 17:55:50', NULL, '2022-09-24 01:49:15', '2022-09-24 01:49:15'),
(95, 37, 226, 'B', '2015-07-11 16:50:03', NULL, '2022-09-24 01:49:15', '2022-09-24 01:49:15'),
(96, 37, 1306, 'B', '2015-11-03 06:59:12', NULL, '2022-09-24 01:49:15', '2022-09-24 01:49:15'),
(97, 37, 1346, 'B', '2022-06-06 08:02:31', NULL, '2022-09-24 01:49:15', '2022-09-24 01:49:15'),
(98, 37, 1217, 'B', '2019-03-09 14:05:01', NULL, '2022-09-24 01:49:15', '2022-09-24 01:49:15'),
(99, 37, 1071, 'P', '2021-05-05 09:45:53', '2017-10-25 05:24:18', '2022-09-24 01:49:15', '2022-09-24 01:49:15'),
(100, 37, 372, 'V', '2012-11-14 18:09:40', NULL, '2022-09-24 01:49:15', '2022-09-24 01:49:15'),
(101, 38, 1671, 'V', '2019-10-03 22:30:44', NULL, '2022-09-24 01:49:15', '2022-09-24 01:49:15'),
(102, 38, 241, 'B', '2016-05-26 10:09:48', NULL, '2022-09-24 01:49:15', '2022-09-24 01:49:15'),
(103, 38, 1986, 'P', '2015-12-15 11:48:33', '2017-05-05 17:14:30', '2022-09-24 01:49:15', '2022-09-24 01:49:15'),
(104, 38, 1140, 'B', '2013-09-21 07:02:36', NULL, '2022-09-24 01:49:15', '2022-09-24 01:49:15'),
(105, 38, 657, 'V', '2019-10-12 20:01:52', NULL, '2022-09-24 01:49:15', '2022-09-24 01:49:15'),
(106, 38, 1321, 'B', '2016-01-07 12:56:48', NULL, '2022-09-24 01:49:15', '2022-09-24 01:49:15'),
(107, 38, 237, 'P', '2020-05-22 23:41:40', '2019-05-06 10:45:38', '2022-09-24 01:49:15', '2022-09-24 01:49:15'),
(108, 38, 1905, 'P', '2017-11-02 00:43:54', '2018-04-05 09:20:21', '2022-09-24 01:49:15', '2022-09-24 01:49:15'),
(109, 38, 1649, 'B', '2019-03-05 16:25:25', NULL, '2022-09-24 01:49:15', '2022-09-24 01:49:15'),
(110, 38, 1429, 'V', '2018-10-26 03:37:24', NULL, '2022-09-24 01:49:15', '2022-09-24 01:49:15'),
(111, 39, 696, 'B', '2020-02-25 01:29:49', NULL, '2022-09-24 01:49:15', '2022-09-24 01:49:15'),
(112, 39, 576, 'P', '2017-05-02 15:29:40', '2017-10-05 23:59:52', '2022-09-24 01:49:15', '2022-09-24 01:49:15'),
(113, 39, 256, 'V', '2016-10-20 17:11:04', NULL, '2022-09-24 01:49:15', '2022-09-24 01:49:15'),
(114, 39, 590, 'P', '2014-09-06 08:57:00', '2020-01-09 02:28:04', '2022-09-24 01:49:15', '2022-09-24 01:49:15'),
(115, 39, 1344, 'V', '2019-01-12 01:30:59', NULL, '2022-09-24 01:49:15', '2022-09-24 01:49:15'),
(116, 39, 115, 'V', '2016-01-02 08:07:11', NULL, '2022-09-24 01:49:15', '2022-09-24 01:49:15'),
(117, 39, 1205, 'P', '2017-03-24 05:12:00', '2020-10-27 11:29:06', '2022-09-24 01:49:15', '2022-09-24 01:49:15'),
(118, 39, 1514, 'V', '2016-04-01 03:15:26', NULL, '2022-09-24 01:49:15', '2022-09-24 01:49:15'),
(119, 39, 1925, 'B', '2015-06-01 07:55:40', NULL, '2022-09-24 01:49:15', '2022-09-24 01:49:15'),
(120, 39, 152, 'B', '2019-08-22 17:26:58', NULL, '2022-09-24 01:49:15', '2022-09-24 01:49:15'),
(121, 40, 291, 'P', '2021-03-26 03:02:56', '2015-05-11 08:20:16', '2022-09-24 01:49:15', '2022-09-24 01:49:15'),
(122, 40, 604, 'P', '2020-05-01 19:03:07', '2018-06-16 18:12:19', '2022-09-24 01:49:15', '2022-09-24 01:49:15'),
(123, 40, 1732, 'B', '2016-01-20 01:49:26', NULL, '2022-09-24 01:49:15', '2022-09-24 01:49:15'),
(124, 40, 571, 'B', '2012-11-18 14:21:19', NULL, '2022-09-24 01:49:15', '2022-09-24 01:49:15'),
(125, 40, 1800, 'B', '2021-05-19 23:32:31', NULL, '2022-09-24 01:49:15', '2022-09-24 01:49:15'),
(126, 40, 1963, 'V', '2014-01-17 18:04:29', NULL, '2022-09-24 01:49:15', '2022-09-24 01:49:15'),
(127, 40, 457, 'P', '2020-01-29 16:31:06', '2020-07-12 12:18:45', '2022-09-24 01:49:15', '2022-09-24 01:49:15'),
(128, 40, 646, 'V', '2016-08-04 06:10:46', NULL, '2022-09-24 01:49:15', '2022-09-24 01:49:15'),
(129, 40, 102, 'B', '2015-12-04 22:58:44', NULL, '2022-09-24 01:49:15', '2022-09-24 01:49:15'),
(130, 40, 1637, 'V', '2019-07-21 12:06:03', NULL, '2022-09-24 01:49:15', '2022-09-24 01:49:15'),
(131, 41, 477, 'P', '2013-10-01 11:56:16', '2015-03-28 01:53:29', '2022-09-24 01:49:15', '2022-09-24 01:49:15'),
(132, 41, 490, 'V', '2020-08-04 09:20:00', NULL, '2022-09-24 01:49:15', '2022-09-24 01:49:15'),
(133, 41, 1291, 'V', '2020-11-30 14:57:33', NULL, '2022-09-24 01:49:15', '2022-09-24 01:49:15'),
(134, 41, 819, 'B', '2015-09-26 01:38:37', NULL, '2022-09-24 01:49:15', '2022-09-24 01:49:15'),
(135, 41, 1074, 'B', '2015-01-20 15:40:54', NULL, '2022-09-24 01:49:15', '2022-09-24 01:49:15'),
(136, 41, 621, 'B', '2022-09-01 16:56:45', NULL, '2022-09-24 01:49:15', '2022-09-24 01:49:15'),
(137, 41, 1719, 'P', '2022-09-12 06:50:39', '2017-06-07 20:32:57', '2022-09-24 01:49:15', '2022-09-24 01:49:15'),
(138, 41, 637, 'V', '2017-06-24 04:37:53', NULL, '2022-09-24 01:49:15', '2022-09-24 01:49:15'),
(139, 41, 275, 'V', '2015-06-04 12:01:44', NULL, '2022-09-24 01:49:15', '2022-09-24 01:49:15'),
(140, 41, 1703, 'V', '2016-07-20 06:33:10', NULL, '2022-09-24 01:49:15', '2022-09-24 01:49:15'),
(141, 42, 427, 'V', '2020-05-13 01:35:07', NULL, '2022-09-24 01:49:15', '2022-09-24 01:49:15'),
(142, 42, 1705, 'B', '2015-11-28 01:42:07', NULL, '2022-09-24 01:49:15', '2022-09-24 01:49:15'),
(143, 42, 1793, 'V', '2020-01-22 13:58:38', NULL, '2022-09-24 01:49:15', '2022-09-24 01:49:15'),
(144, 42, 1129, 'P', '2021-06-06 03:36:08', '2019-01-05 18:32:37', '2022-09-24 01:49:15', '2022-09-24 01:49:15'),
(145, 42, 832, 'P', '2017-10-11 21:56:08', '2021-10-22 07:18:29', '2022-09-24 01:49:15', '2022-09-24 01:49:15'),
(146, 42, 134, 'B', '2017-12-29 01:46:12', NULL, '2022-09-24 01:49:15', '2022-09-24 01:49:15'),
(147, 42, 1951, 'P', '2020-11-06 07:55:02', '2017-06-29 07:29:05', '2022-09-24 01:49:15', '2022-09-24 01:49:15'),
(148, 42, 1021, 'V', '2019-09-02 09:38:39', NULL, '2022-09-24 01:49:15', '2022-09-24 01:49:15'),
(149, 42, 204, 'B', '2013-05-28 06:57:04', NULL, '2022-09-24 01:49:15', '2022-09-24 01:49:15'),
(150, 42, 990, 'B', '2016-04-18 22:57:39', NULL, '2022-09-24 01:49:15', '2022-09-24 01:49:15'),
(151, 43, 305, 'B', '2018-10-26 11:58:41', NULL, '2022-09-24 01:49:15', '2022-09-24 01:49:15'),
(152, 43, 812, 'P', '2021-06-30 19:48:14', '2013-01-16 10:57:55', '2022-09-24 01:49:15', '2022-09-24 01:49:15'),
(153, 43, 323, 'B', '2018-04-12 17:09:43', NULL, '2022-09-24 01:49:15', '2022-09-24 01:49:15'),
(154, 43, 722, 'V', '2020-11-19 13:04:57', NULL, '2022-09-24 01:49:15', '2022-09-24 01:49:15'),
(155, 43, 509, 'B', '2016-08-08 03:59:50', NULL, '2022-09-24 01:49:15', '2022-09-24 01:49:15'),
(156, 43, 1428, 'V', '2014-10-02 16:30:31', NULL, '2022-09-24 01:49:15', '2022-09-24 01:49:15'),
(157, 43, 263, 'V', '2016-05-12 20:21:37', NULL, '2022-09-24 01:49:15', '2022-09-24 01:49:15'),
(158, 43, 837, 'B', '2015-04-09 20:55:29', NULL, '2022-09-24 01:49:15', '2022-09-24 01:49:15'),
(159, 43, 1301, 'V', '2020-08-12 23:31:41', NULL, '2022-09-24 01:49:15', '2022-09-24 01:49:15'),
(160, 43, 1559, 'V', '2014-03-25 03:58:16', NULL, '2022-09-24 01:49:15', '2022-09-24 01:49:15'),
(161, 44, 281, 'B', '2013-01-16 22:41:20', NULL, '2022-09-24 01:49:15', '2022-09-24 01:49:15'),
(162, 44, 377, 'P', '2013-03-19 13:51:27', '2021-02-15 15:42:35', '2022-09-24 01:49:15', '2022-09-24 01:49:15'),
(163, 44, 1916, 'B', '2020-06-05 00:20:34', NULL, '2022-09-24 01:49:15', '2022-09-24 01:49:15'),
(164, 44, 780, 'V', '2014-03-07 00:07:56', NULL, '2022-09-24 01:49:15', '2022-09-24 01:49:15'),
(165, 44, 1690, 'P', '2013-08-09 19:20:37', '2014-03-20 08:06:16', '2022-09-24 01:49:15', '2022-09-24 01:49:15'),
(166, 44, 1645, 'B', '2022-06-20 07:26:59', NULL, '2022-09-24 01:49:15', '2022-09-24 01:49:15'),
(167, 44, 1415, 'P', '2021-01-17 20:13:44', '2021-03-22 06:22:02', '2022-09-24 01:49:15', '2022-09-24 01:49:15'),
(168, 44, 264, 'P', '2019-01-06 00:16:57', '2016-10-29 20:20:27', '2022-09-24 01:49:15', '2022-09-24 01:49:15'),
(169, 44, 1503, 'P', '2019-01-11 12:05:20', '2022-08-06 21:21:25', '2022-09-24 01:49:15', '2022-09-24 01:49:15'),
(170, 44, 1716, 'V', '2016-07-30 12:22:35', NULL, '2022-09-24 01:49:15', '2022-09-24 01:49:15'),
(171, 45, 276, 'V', '2017-02-02 23:03:29', NULL, '2022-09-24 01:49:15', '2022-09-24 01:49:15'),
(172, 45, 598, 'B', '2016-07-16 18:34:56', NULL, '2022-09-24 01:49:15', '2022-09-24 01:49:15'),
(173, 45, 1442, 'B', '2022-07-04 16:28:16', NULL, '2022-09-24 01:49:15', '2022-09-24 01:49:15'),
(174, 45, 481, 'B', '2016-07-24 14:35:41', NULL, '2022-09-24 01:49:15', '2022-09-24 01:49:15'),
(175, 45, 1647, 'P', '2013-07-10 18:58:57', '2013-10-14 08:35:17', '2022-09-24 01:49:15', '2022-09-24 01:49:15'),
(176, 45, 985, 'B', '2013-08-20 17:29:27', NULL, '2022-09-24 01:49:15', '2022-09-24 01:49:15'),
(177, 45, 518, 'V', '2021-12-10 20:12:41', NULL, '2022-09-24 01:49:15', '2022-09-24 01:49:15'),
(178, 45, 423, 'V', '2021-02-05 22:43:06', NULL, '2022-09-24 01:49:15', '2022-09-24 01:49:15'),
(179, 45, 1662, 'B', '2021-07-27 03:27:11', NULL, '2022-09-24 01:49:15', '2022-09-24 01:49:15'),
(180, 45, 1465, 'B', '2021-11-15 23:00:10', NULL, '2022-09-24 01:49:15', '2022-09-24 01:49:15'),
(181, 46, 821, 'B', '2022-08-30 10:29:22', NULL, '2022-09-24 01:49:15', '2022-09-24 01:49:15'),
(182, 46, 1273, 'V', '2020-09-02 11:15:52', NULL, '2022-09-24 01:49:15', '2022-09-24 01:49:15'),
(183, 46, 272, 'V', '2013-03-08 00:14:09', NULL, '2022-09-24 01:49:15', '2022-09-24 01:49:15'),
(184, 46, 1613, 'V', '2022-02-22 17:22:47', NULL, '2022-09-24 01:49:15', '2022-09-24 01:49:15'),
(185, 46, 932, 'B', '2021-07-20 20:06:38', NULL, '2022-09-24 01:49:15', '2022-09-24 01:49:15'),
(186, 46, 122, 'V', '2013-09-16 07:42:40', NULL, '2022-09-24 01:49:15', '2022-09-24 01:49:15'),
(187, 46, 1215, 'B', '2018-06-12 18:07:41', NULL, '2022-09-24 01:49:15', '2022-09-24 01:49:15'),
(188, 46, 1425, 'V', '2021-04-19 06:03:59', NULL, '2022-09-24 01:49:15', '2022-09-24 01:49:15'),
(189, 46, 895, 'P', '2019-03-20 10:14:01', '2012-12-25 13:45:07', '2022-09-24 01:49:15', '2022-09-24 01:49:15'),
(190, 46, 913, 'P', '2020-11-14 10:50:18', '2019-05-10 22:53:53', '2022-09-24 01:49:15', '2022-09-24 01:49:15'),
(191, 47, 853, 'B', '2021-09-05 21:20:59', NULL, '2022-09-24 01:49:15', '2022-09-24 01:49:15'),
(192, 47, 1676, 'P', '2013-10-31 02:22:50', '2018-12-27 08:24:09', '2022-09-24 01:49:15', '2022-09-24 01:49:15'),
(193, 47, 1953, 'V', '2015-02-27 07:38:00', NULL, '2022-09-24 01:49:15', '2022-09-24 01:49:15'),
(194, 47, 1031, 'P', '2021-07-23 08:49:55', '2015-05-01 20:51:18', '2022-09-24 01:49:15', '2022-09-24 01:49:15'),
(195, 47, 474, 'V', '2017-12-07 00:46:17', NULL, '2022-09-24 01:49:15', '2022-09-24 01:49:15'),
(196, 47, 1656, 'V', '2014-02-20 09:03:10', NULL, '2022-09-24 01:49:15', '2022-09-24 01:49:15'),
(197, 47, 1110, 'P', '2013-05-08 22:09:43', '2019-06-26 13:38:42', '2022-09-24 01:49:15', '2022-09-24 01:49:15'),
(198, 47, 1997, 'P', '2017-06-29 01:08:36', '2014-08-22 15:00:55', '2022-09-24 01:49:15', '2022-09-24 01:49:15'),
(199, 47, 1666, 'P', '2021-11-09 22:21:45', '2017-07-19 01:14:36', '2022-09-24 01:49:15', '2022-09-24 01:49:15'),
(200, 47, 1583, 'P', '2015-11-28 05:42:33', '2017-06-14 06:08:42', '2022-09-24 01:49:15', '2022-09-24 01:49:15'),
(201, 48, 1326, 'P', '2016-11-10 10:05:04', '2017-03-28 11:20:39', '2022-09-24 01:49:15', '2022-09-24 01:49:15'),
(202, 48, 988, 'B', '2018-07-03 00:06:49', NULL, '2022-09-24 01:49:15', '2022-09-24 01:49:15'),
(203, 48, 965, 'B', '2019-03-05 13:13:29', NULL, '2022-09-24 01:49:15', '2022-09-24 01:49:15'),
(204, 48, 194, 'V', '2017-04-06 18:57:14', NULL, '2022-09-24 01:49:15', '2022-09-24 01:49:15'),
(205, 48, 1262, 'V', '2016-02-17 15:26:53', NULL, '2022-09-24 01:49:15', '2022-09-24 01:49:15'),
(206, 48, 1954, 'V', '2012-12-25 01:10:23', NULL, '2022-09-24 01:49:15', '2022-09-24 01:49:15'),
(207, 48, 568, 'B', '2016-02-21 22:00:48', NULL, '2022-09-24 01:49:15', '2022-09-24 01:49:15'),
(208, 48, 170, 'P', '2018-01-08 22:33:41', '2018-01-09 15:33:03', '2022-09-24 01:49:15', '2022-09-24 01:49:15'),
(209, 48, 1176, 'V', '2019-04-27 21:26:57', NULL, '2022-09-24 01:49:15', '2022-09-24 01:49:15'),
(210, 48, 1811, 'B', '2018-07-21 14:47:44', NULL, '2022-09-24 01:49:15', '2022-09-24 01:49:15'),
(211, 49, 1018, 'P', '2018-01-24 11:01:46', '2020-02-15 09:53:01', '2022-09-24 01:49:15', '2022-09-24 01:49:15'),
(212, 49, 1494, 'P', '2018-09-10 08:53:13', '2020-06-28 22:27:22', '2022-09-24 01:49:15', '2022-09-24 01:49:15'),
(213, 49, 1624, 'B', '2016-06-03 09:33:29', NULL, '2022-09-24 01:49:15', '2022-09-24 01:49:15'),
(214, 49, 1455, 'B', '2013-10-30 16:16:24', NULL, '2022-09-24 01:49:15', '2022-09-24 01:49:15'),
(215, 49, 1880, 'B', '2012-10-07 17:47:17', NULL, '2022-09-24 01:49:15', '2022-09-24 01:49:15'),
(216, 49, 1384, 'B', '2013-07-05 21:12:58', NULL, '2022-09-24 01:49:15', '2022-09-24 01:49:15'),
(217, 49, 248, 'P', '2013-03-16 13:01:35', '2021-08-21 20:45:11', '2022-09-24 01:49:15', '2022-09-24 01:49:15'),
(218, 49, 591, 'B', '2019-11-30 12:05:21', NULL, '2022-09-24 01:49:15', '2022-09-24 01:49:15'),
(219, 49, 1918, 'V', '2020-01-31 23:01:21', NULL, '2022-09-24 01:49:15', '2022-09-24 01:49:15'),
(220, 49, 1400, 'B', '2021-12-24 04:50:26', NULL, '2022-09-24 01:49:15', '2022-09-24 01:49:15'),
(221, 50, 1171, 'B', '2020-02-15 11:14:31', NULL, '2022-09-24 01:49:15', '2022-09-24 01:49:15'),
(222, 50, 377, 'B', '2017-09-16 07:23:28', NULL, '2022-09-24 01:49:15', '2022-09-24 01:49:15'),
(223, 50, 1049, 'B', '2019-07-02 08:02:34', NULL, '2022-09-24 01:49:15', '2022-09-24 01:49:15'),
(224, 50, 997, 'B', '2015-02-16 05:56:34', NULL, '2022-09-24 01:49:15', '2022-09-24 01:49:15'),
(225, 50, 241, 'P', '2015-11-25 20:08:30', '2012-10-15 02:59:51', '2022-09-24 01:49:15', '2022-09-24 01:49:15'),
(226, 50, 834, 'B', '2021-07-06 12:10:56', NULL, '2022-09-24 01:49:15', '2022-09-24 01:49:15'),
(227, 50, 1731, 'P', '2014-12-28 07:10:51', '2014-03-12 17:35:24', '2022-09-24 01:49:15', '2022-09-24 01:49:15'),
(228, 50, 1056, 'P', '2021-06-27 19:23:47', '2016-04-17 05:58:06', '2022-09-24 01:49:15', '2022-09-24 01:49:15'),
(229, 50, 340, 'B', '2017-10-25 01:31:15', NULL, '2022-09-24 01:49:15', '2022-09-24 01:49:15'),
(230, 50, 1806, 'V', '2020-10-17 17:50:18', NULL, '2022-09-24 01:49:15', '2022-09-24 01:49:15'),
(231, 51, 277, 'B', '2013-10-22 19:31:53', NULL, '2022-09-24 01:49:15', '2022-09-24 01:49:15'),
(232, 51, 1038, 'B', '2018-02-23 08:14:25', NULL, '2022-09-24 01:49:15', '2022-09-24 01:49:15'),
(233, 51, 221, 'B', '2013-07-21 19:42:40', NULL, '2022-09-24 01:49:15', '2022-09-24 01:49:15'),
(234, 51, 1768, 'B', '2020-03-16 13:14:34', NULL, '2022-09-24 01:49:15', '2022-09-24 01:49:15'),
(235, 51, 1587, 'B', '2013-02-18 09:58:18', NULL, '2022-09-24 01:49:15', '2022-09-24 01:49:15'),
(236, 51, 966, 'B', '2017-01-09 04:11:59', NULL, '2022-09-24 01:49:15', '2022-09-24 01:49:15'),
(237, 51, 842, 'P', '2014-07-21 22:35:08', '2016-05-10 12:23:15', '2022-09-24 01:49:15', '2022-09-24 01:49:15'),
(238, 51, 1889, 'P', '2016-08-07 04:00:39', '2022-06-23 16:39:10', '2022-09-24 01:49:15', '2022-09-24 01:49:15'),
(239, 51, 386, 'P', '2020-06-10 07:36:37', '2018-10-16 12:10:26', '2022-09-24 01:49:15', '2022-09-24 01:49:15'),
(240, 51, 798, 'P', '2018-07-07 12:56:28', '2020-06-10 18:43:55', '2022-09-24 01:49:15', '2022-09-24 01:49:15'),
(241, 52, 1692, 'P', '2013-03-07 17:28:36', '2020-01-15 02:59:35', '2022-09-24 01:49:15', '2022-09-24 01:49:15'),
(242, 52, 1216, 'V', '2014-03-29 20:03:16', NULL, '2022-09-24 01:49:15', '2022-09-24 01:49:15'),
(243, 52, 1545, 'B', '2019-09-05 07:47:15', NULL, '2022-09-24 01:49:15', '2022-09-24 01:49:15'),
(244, 52, 1758, 'P', '2019-11-29 19:22:29', '2022-04-23 10:56:41', '2022-09-24 01:49:15', '2022-09-24 01:49:15'),
(245, 52, 1400, 'B', '2015-07-07 13:15:46', NULL, '2022-09-24 01:49:15', '2022-09-24 01:49:15'),
(246, 52, 510, 'P', '2021-02-06 08:09:41', '2017-09-23 05:58:40', '2022-09-24 01:49:15', '2022-09-24 01:49:15'),
(247, 52, 1607, 'P', '2014-10-18 14:51:30', '2016-05-01 19:11:37', '2022-09-24 01:49:15', '2022-09-24 01:49:15'),
(248, 52, 539, 'P', '2017-10-07 15:58:55', '2020-01-04 14:28:02', '2022-09-24 01:49:15', '2022-09-24 01:49:15'),
(249, 52, 1969, 'V', '2012-10-05 10:18:34', NULL, '2022-09-24 01:49:15', '2022-09-24 01:49:15'),
(250, 52, 922, 'B', '2012-11-27 18:10:39', NULL, '2022-09-24 01:49:15', '2022-09-24 01:49:15'),
(251, 53, 615, 'B', '2017-04-23 14:13:12', NULL, '2022-09-24 01:49:15', '2022-09-24 01:49:15'),
(252, 53, 1744, 'V', '2015-03-07 01:28:17', NULL, '2022-09-24 01:49:15', '2022-09-24 01:49:15'),
(253, 53, 586, 'P', '2016-05-24 00:18:33', '2019-11-28 22:45:12', '2022-09-24 01:49:15', '2022-09-24 01:49:15'),
(254, 53, 1685, 'P', '2019-03-23 23:24:16', '2022-02-11 18:30:29', '2022-09-24 01:49:15', '2022-09-24 01:49:15'),
(255, 53, 692, 'B', '2016-04-22 07:01:52', NULL, '2022-09-24 01:49:15', '2022-09-24 01:49:15'),
(256, 54, 574, 'P', '2015-03-19 18:16:47', '2016-04-30 15:39:58', '2022-09-24 01:49:15', '2022-09-24 01:49:15'),
(257, 54, 1067, 'P', '2021-04-07 00:32:00', '2021-08-11 20:48:26', '2022-09-24 01:49:15', '2022-09-24 01:49:15'),
(258, 54, 1554, 'B', '2016-10-18 07:18:43', NULL, '2022-09-24 01:49:15', '2022-09-24 01:49:15'),
(259, 54, 340, 'V', '2018-06-10 09:52:29', NULL, '2022-09-24 01:49:15', '2022-09-24 01:49:15'),
(260, 54, 890, 'P', '2021-09-11 03:09:17', '2018-12-11 11:48:43', '2022-09-24 01:49:15', '2022-09-24 01:49:15'),
(261, 55, 1480, 'P', '2014-09-07 06:47:32', '2016-06-20 17:33:59', '2022-09-24 01:49:15', '2022-09-24 01:49:15'),
(262, 55, 734, 'B', '2022-02-23 18:44:16', NULL, '2022-09-24 01:49:15', '2022-09-24 01:49:15'),
(263, 55, 1752, 'P', '2016-11-14 03:21:55', '2022-04-15 11:41:15', '2022-09-24 01:49:15', '2022-09-24 01:49:15'),
(264, 55, 1501, 'B', '2018-03-01 05:45:50', NULL, '2022-09-24 01:49:15', '2022-09-24 01:49:15'),
(265, 55, 419, 'B', '2014-02-26 04:27:08', NULL, '2022-09-24 01:49:15', '2022-09-24 01:49:15'),
(266, 56, 226, 'V', '2016-08-01 10:02:28', NULL, '2022-09-24 01:49:15', '2022-09-24 01:49:15'),
(267, 56, 998, 'B', '2022-06-13 04:55:55', NULL, '2022-09-24 01:49:15', '2022-09-24 01:49:15'),
(268, 56, 757, 'B', '2015-06-01 15:26:47', NULL, '2022-09-24 01:49:15', '2022-09-24 01:49:15'),
(269, 56, 889, 'P', '2013-03-02 11:28:02', '2018-11-18 21:10:42', '2022-09-24 01:49:15', '2022-09-24 01:49:15'),
(270, 56, 523, 'P', '2020-01-29 00:32:24', '2015-06-15 20:35:03', '2022-09-24 01:49:15', '2022-09-24 01:49:15'),
(271, 57, 476, 'V', '2018-01-10 09:37:38', NULL, '2022-09-24 01:49:15', '2022-09-24 01:49:15'),
(272, 57, 1236, 'P', '2022-09-04 10:09:58', '2014-10-15 23:25:47', '2022-09-24 01:49:15', '2022-09-24 01:49:15'),
(273, 57, 114, 'P', '2015-12-15 07:41:41', '2013-06-30 07:11:45', '2022-09-24 01:49:15', '2022-09-24 01:49:15'),
(274, 57, 250, 'P', '2015-07-09 23:52:26', '2013-03-17 20:40:45', '2022-09-24 01:49:15', '2022-09-24 01:49:15'),
(275, 57, 935, 'V', '2021-11-26 16:30:02', NULL, '2022-09-24 01:49:15', '2022-09-24 01:49:15'),
(276, 58, 1791, 'P', '2022-08-30 19:23:43', '2013-06-30 07:10:44', '2022-09-24 01:49:15', '2022-09-24 01:49:15'),
(277, 58, 1757, 'P', '2016-03-23 01:27:45', '2015-05-03 13:34:00', '2022-09-24 01:49:15', '2022-09-24 01:49:15'),
(278, 58, 725, 'B', '2021-08-03 19:24:09', NULL, '2022-09-24 01:49:15', '2022-09-24 01:49:15'),
(279, 58, 1209, 'B', '2022-09-05 15:33:43', NULL, '2022-09-24 01:49:15', '2022-09-24 01:49:15'),
(280, 58, 1628, 'B', '2015-09-23 13:50:30', NULL, '2022-09-24 01:49:15', '2022-09-24 01:49:15'),
(281, 59, 1432, 'V', '2015-04-02 09:31:16', NULL, '2022-09-24 01:49:15', '2022-09-24 01:49:15'),
(282, 59, 103, 'B', '2017-08-06 07:27:45', NULL, '2022-09-24 01:49:15', '2022-09-24 01:49:15'),
(283, 59, 1434, 'P', '2016-12-06 21:09:26', '2019-10-06 22:07:27', '2022-09-24 01:49:15', '2022-09-24 01:49:15'),
(284, 59, 939, 'B', '2013-11-02 14:40:24', NULL, '2022-09-24 01:49:15', '2022-09-24 01:49:15'),
(285, 59, 723, 'B', '2018-07-03 12:15:59', NULL, '2022-09-24 01:49:15', '2022-09-24 01:49:15'),
(286, 60, 1892, 'B', '2012-10-06 18:09:18', NULL, '2022-09-24 01:49:15', '2022-09-24 01:49:15'),
(287, 60, 1651, 'V', '2021-03-16 09:41:54', NULL, '2022-09-24 01:49:15', '2022-09-24 01:49:15'),
(288, 60, 1611, 'B', '2013-09-28 12:47:44', NULL, '2022-09-24 01:49:15', '2022-09-24 01:49:15'),
(289, 60, 1227, 'V', '2018-07-01 01:59:29', NULL, '2022-09-24 01:49:15', '2022-09-24 01:49:15'),
(290, 60, 1946, 'B', '2021-12-04 17:19:42', NULL, '2022-09-24 01:49:15', '2022-09-24 01:49:15'),
(291, 61, 1414, 'B', '2019-07-18 20:47:32', NULL, '2022-09-24 01:49:15', '2022-09-24 01:49:15'),
(292, 61, 373, 'B', '2020-02-07 03:02:28', NULL, '2022-09-24 01:49:15', '2022-09-24 01:49:15'),
(293, 61, 416, 'V', '2022-08-18 01:23:13', NULL, '2022-09-24 01:49:15', '2022-09-24 01:49:15'),
(294, 61, 402, 'P', '2018-05-28 23:47:18', '2013-04-06 00:57:32', '2022-09-24 01:49:15', '2022-09-24 01:49:15'),
(295, 61, 435, 'B', '2020-03-29 07:04:44', NULL, '2022-09-24 01:49:15', '2022-09-24 01:49:15'),
(296, 62, 1586, 'B', '2017-02-01 10:02:07', NULL, '2022-09-24 01:49:15', '2022-09-24 01:49:15'),
(297, 62, 1866, 'V', '2018-06-14 06:23:05', NULL, '2022-09-24 01:49:15', '2022-09-24 01:49:15'),
(298, 62, 979, 'B', '2014-08-01 18:02:35', NULL, '2022-09-24 01:49:15', '2022-09-24 01:49:15'),
(299, 62, 1748, 'B', '2017-07-17 05:11:17', NULL, '2022-09-24 01:49:15', '2022-09-24 01:49:15'),
(300, 62, 1878, 'B', '2020-08-24 21:32:08', NULL, '2022-09-24 01:49:15', '2022-09-24 01:49:15'),
(301, 63, 1085, 'B', '2020-09-15 06:48:39', NULL, '2022-09-24 01:49:15', '2022-09-24 01:49:15'),
(302, 63, 1666, 'B', '2014-11-19 17:10:15', NULL, '2022-09-24 01:49:15', '2022-09-24 01:49:15'),
(303, 63, 1846, 'B', '2019-12-06 18:09:24', NULL, '2022-09-24 01:49:15', '2022-09-24 01:49:15'),
(304, 63, 425, 'B', '2017-05-29 18:12:34', NULL, '2022-09-24 01:49:15', '2022-09-24 01:49:15'),
(305, 63, 613, 'P', '2015-09-27 02:46:26', '2020-11-25 18:22:28', '2022-09-24 01:49:15', '2022-09-24 01:49:15'),
(306, 64, 1065, 'P', '2019-01-01 22:32:44', '2020-07-28 23:08:17', '2022-09-24 01:49:15', '2022-09-24 01:49:15'),
(307, 64, 1379, 'P', '2014-12-19 08:42:21', '2015-03-08 09:51:35', '2022-09-24 01:49:15', '2022-09-24 01:49:15'),
(308, 64, 1848, 'V', '2014-10-05 21:46:50', NULL, '2022-09-24 01:49:15', '2022-09-24 01:49:15'),
(309, 64, 294, 'P', '2017-03-24 20:38:25', '2017-09-20 23:54:35', '2022-09-24 01:49:15', '2022-09-24 01:49:15'),
(310, 64, 1272, 'P', '2017-10-08 08:26:02', '2013-04-18 11:37:54', '2022-09-24 01:49:15', '2022-09-24 01:49:15'),
(311, 65, 876, 'V', '2017-02-13 10:38:41', NULL, '2022-09-24 01:49:15', '2022-09-24 01:49:15'),
(312, 65, 875, 'P', '2017-03-05 11:48:06', '2016-02-28 07:15:26', '2022-09-24 01:49:15', '2022-09-24 01:49:15'),
(313, 65, 548, 'B', '2020-05-11 22:01:28', NULL, '2022-09-24 01:49:15', '2022-09-24 01:49:15'),
(314, 65, 1128, 'B', '2015-05-17 09:22:11', NULL, '2022-09-24 01:49:15', '2022-09-24 01:49:15'),
(315, 65, 1848, 'B', '2018-02-23 04:38:56', NULL, '2022-09-24 01:49:15', '2022-09-24 01:49:15'),
(316, 66, 1986, 'B', '2019-07-05 10:48:17', NULL, '2022-09-24 01:49:15', '2022-09-24 01:49:15'),
(317, 66, 484, 'P', '2019-11-11 02:37:42', '2016-02-13 19:05:56', '2022-09-24 01:49:15', '2022-09-24 01:49:15'),
(318, 66, 1269, 'P', '2018-07-17 09:39:27', '2017-02-26 19:08:19', '2022-09-24 01:49:15', '2022-09-24 01:49:15'),
(319, 66, 1390, 'P', '2019-02-14 18:12:35', '2020-11-20 07:57:59', '2022-09-24 01:49:15', '2022-09-24 01:49:15'),
(320, 66, 698, 'P', '2014-10-24 22:18:05', '2019-02-11 19:25:19', '2022-09-24 01:49:15', '2022-09-24 01:49:15'),
(321, 67, 1222, 'V', '2014-01-06 06:23:04', NULL, '2022-09-24 01:49:15', '2022-09-24 01:49:15'),
(322, 67, 1261, 'P', '2016-04-09 11:39:23', '2013-07-21 18:24:42', '2022-09-24 01:49:15', '2022-09-24 01:49:15'),
(323, 67, 515, 'P', '2020-01-02 07:47:43', '2021-12-10 15:40:41', '2022-09-24 01:49:15', '2022-09-24 01:49:15'),
(324, 67, 1595, 'B', '2017-12-26 21:18:01', NULL, '2022-09-24 01:49:15', '2022-09-24 01:49:15'),
(325, 67, 1113, 'V', '2016-10-08 21:05:51', NULL, '2022-09-24 01:49:15', '2022-09-24 01:49:15'),
(326, 68, 1418, 'V', '2017-04-07 15:02:51', NULL, '2022-09-24 01:49:15', '2022-09-24 01:49:15'),
(327, 68, 1974, 'V', '2014-07-06 20:30:57', NULL, '2022-09-24 01:49:15', '2022-09-24 01:49:15'),
(328, 68, 131, 'P', '2022-05-24 00:22:13', '2020-08-06 03:43:36', '2022-09-24 01:49:15', '2022-09-24 01:49:15'),
(329, 68, 202, 'V', '2018-03-27 22:18:24', NULL, '2022-09-24 01:49:15', '2022-09-24 01:49:15'),
(330, 68, 343, 'B', '2016-05-28 11:13:18', NULL, '2022-09-24 01:49:15', '2022-09-24 01:49:15'),
(331, 69, 1943, 'P', '2013-10-21 02:50:23', '2019-12-29 00:02:06', '2022-09-24 01:49:15', '2022-09-24 01:49:15'),
(332, 69, 1715, 'V', '2016-08-02 08:58:30', NULL, '2022-09-24 01:49:15', '2022-09-24 01:49:15'),
(333, 69, 850, 'V', '2015-11-17 20:34:57', NULL, '2022-09-24 01:49:15', '2022-09-24 01:49:15'),
(334, 69, 1667, 'V', '2015-08-11 20:36:07', NULL, '2022-09-24 01:49:15', '2022-09-24 01:49:15'),
(335, 69, 305, 'V', '2019-06-16 16:53:28', NULL, '2022-09-24 01:49:15', '2022-09-24 01:49:15'),
(336, 70, 559, 'B', '2019-10-30 18:42:52', NULL, '2022-09-24 01:49:15', '2022-09-24 01:49:15'),
(337, 70, 1037, 'P', '2022-05-28 17:06:22', '2015-12-13 03:54:30', '2022-09-24 01:49:15', '2022-09-24 01:49:15'),
(338, 70, 910, 'V', '2013-12-02 13:59:56', NULL, '2022-09-24 01:49:15', '2022-09-24 01:49:15'),
(339, 70, 1106, 'P', '2018-11-05 06:02:29', '2016-05-22 11:11:33', '2022-09-24 01:49:15', '2022-09-24 01:49:15'),
(340, 70, 382, 'P', '2013-09-25 20:06:52', '2022-01-03 07:55:45', '2022-09-24 01:49:15', '2022-09-24 01:49:15'),
(341, 71, 1107, 'B', '2019-07-17 02:15:38', NULL, '2022-09-24 01:49:16', '2022-09-24 01:49:16'),
(342, 71, 1464, 'B', '2013-08-07 12:03:19', NULL, '2022-09-24 01:49:16', '2022-09-24 01:49:16'),
(343, 71, 1007, 'V', '2017-07-08 06:40:30', NULL, '2022-09-24 01:49:16', '2022-09-24 01:49:16'),
(344, 71, 1342, 'B', '2022-07-05 15:01:50', NULL, '2022-09-24 01:49:16', '2022-09-24 01:49:16'),
(345, 71, 888, 'B', '2016-06-22 18:34:46', NULL, '2022-09-24 01:49:16', '2022-09-24 01:49:16'),
(346, 72, 909, 'P', '2019-03-31 10:42:18', '2020-07-16 13:47:30', '2022-09-24 01:49:16', '2022-09-24 01:49:16'),
(347, 72, 263, 'B', '2019-09-27 00:17:14', NULL, '2022-09-24 01:49:16', '2022-09-24 01:49:16'),
(348, 72, 474, 'V', '2021-10-27 12:29:33', NULL, '2022-09-24 01:49:16', '2022-09-24 01:49:16'),
(349, 72, 1645, 'V', '2022-08-28 16:12:57', NULL, '2022-09-24 01:49:16', '2022-09-24 01:49:16'),
(350, 72, 1398, 'B', '2016-12-24 00:02:27', NULL, '2022-09-24 01:49:16', '2022-09-24 01:49:16'),
(351, 73, 928, 'V', '2021-07-14 05:14:46', NULL, '2022-09-24 01:49:16', '2022-09-24 01:49:16'),
(352, 73, 1353, 'P', '2020-10-19 00:44:09', '2015-12-01 08:33:47', '2022-09-24 01:49:16', '2022-09-24 01:49:16'),
(353, 73, 438, 'B', '2012-10-28 08:00:08', NULL, '2022-09-24 01:49:16', '2022-09-24 01:49:16'),
(354, 73, 1635, 'V', '2022-09-05 17:35:32', NULL, '2022-09-24 01:49:16', '2022-09-24 01:49:16'),
(355, 73, 1433, 'B', '2019-01-03 13:42:18', NULL, '2022-09-24 01:49:16', '2022-09-24 01:49:16'),
(356, 74, 459, 'V', '2017-03-19 16:21:49', NULL, '2022-09-24 01:49:16', '2022-09-24 01:49:16'),
(357, 74, 1972, 'B', '2013-12-15 02:02:48', NULL, '2022-09-24 01:49:16', '2022-09-24 01:49:16'),
(358, 74, 623, 'V', '2015-08-03 18:06:46', NULL, '2022-09-24 01:49:16', '2022-09-24 01:49:16'),
(359, 74, 1529, 'P', '2015-09-17 11:27:40', '2016-05-10 09:07:19', '2022-09-24 01:49:16', '2022-09-24 01:49:16'),
(360, 74, 1913, 'P', '2016-08-31 15:16:03', '2019-04-08 17:39:36', '2022-09-24 01:49:16', '2022-09-24 01:49:16'),
(361, 75, 1631, 'B', '2013-11-09 13:10:15', NULL, '2022-09-24 01:49:16', '2022-09-24 01:49:16'),
(362, 75, 1850, 'P', '2016-10-07 01:41:03', '2020-02-27 11:55:18', '2022-09-24 01:49:16', '2022-09-24 01:49:16'),
(363, 75, 1473, 'V', '2015-06-21 18:10:33', NULL, '2022-09-24 01:49:16', '2022-09-24 01:49:16'),
(364, 75, 1468, 'V', '2018-06-08 18:55:32', NULL, '2022-09-24 01:49:16', '2022-09-24 01:49:16'),
(365, 75, 468, 'B', '2021-04-04 07:26:03', NULL, '2022-09-24 01:49:16', '2022-09-24 01:49:16'),
(366, 76, 464, 'V', '2018-07-16 10:12:03', NULL, '2022-09-24 01:49:16', '2022-09-24 01:49:16'),
(367, 76, 628, 'P', '2019-03-02 20:54:32', '2018-10-11 01:31:25', '2022-09-24 01:49:16', '2022-09-24 01:49:16'),
(368, 76, 615, 'P', '2019-04-18 12:48:05', '2015-11-21 09:01:09', '2022-09-24 01:49:16', '2022-09-24 01:49:16'),
(369, 76, 551, 'V', '2018-03-19 12:23:08', NULL, '2022-09-24 01:49:16', '2022-09-24 01:49:16'),
(370, 76, 1312, 'B', '2017-01-18 13:46:56', NULL, '2022-09-24 01:49:16', '2022-09-24 01:49:16'),
(371, 77, 710, 'P', '2017-04-08 15:50:46', '2022-01-14 22:50:09', '2022-09-24 01:49:16', '2022-09-24 01:49:16'),
(372, 77, 1250, 'B', '2015-03-07 07:58:20', NULL, '2022-09-24 01:49:16', '2022-09-24 01:49:16'),
(373, 77, 143, 'V', '2021-06-12 09:46:20', NULL, '2022-09-24 01:49:16', '2022-09-24 01:49:16'),
(374, 77, 379, 'B', '2020-06-26 08:05:26', NULL, '2022-09-24 01:49:16', '2022-09-24 01:49:16'),
(375, 77, 607, 'B', '2018-07-24 08:16:59', NULL, '2022-09-24 01:49:16', '2022-09-24 01:49:16'),
(376, 78, 237, 'P', '2012-11-25 06:09:35', '2014-01-16 01:32:34', '2022-09-24 01:49:16', '2022-09-24 01:49:16'),
(377, 78, 1244, 'B', '2016-04-23 04:13:47', NULL, '2022-09-24 01:49:16', '2022-09-24 01:49:16'),
(378, 78, 1297, 'P', '2014-03-05 17:47:47', '2017-09-29 01:55:17', '2022-09-24 01:49:16', '2022-09-24 01:49:16'),
(379, 78, 1546, 'B', '2020-12-05 12:21:02', NULL, '2022-09-24 01:49:16', '2022-09-24 01:49:16'),
(380, 78, 440, 'B', '2015-05-14 15:05:10', NULL, '2022-09-24 01:49:16', '2022-09-24 01:49:16'),
(381, 79, 445, 'V', '2015-01-30 19:42:03', NULL, '2022-09-24 01:49:16', '2022-09-24 01:49:16'),
(382, 79, 1709, 'V', '2016-08-20 03:18:20', NULL, '2022-09-24 01:49:16', '2022-09-24 01:49:16'),
(383, 79, 1120, 'V', '2017-09-03 01:11:06', NULL, '2022-09-24 01:49:16', '2022-09-24 01:49:16'),
(384, 79, 719, 'V', '2017-08-31 01:08:02', NULL, '2022-09-24 01:49:16', '2022-09-24 01:49:16'),
(385, 79, 410, 'B', '2013-02-26 05:14:49', NULL, '2022-09-24 01:49:16', '2022-09-24 01:49:16'),
(386, 80, 1478, 'V', '2018-05-24 07:29:14', NULL, '2022-09-24 01:49:16', '2022-09-24 01:49:16'),
(387, 80, 884, 'V', '2020-08-09 06:45:39', NULL, '2022-09-24 01:49:16', '2022-09-24 01:49:16'),
(388, 80, 516, 'B', '2020-09-01 22:18:07', NULL, '2022-09-24 01:49:16', '2022-09-24 01:49:16'),
(389, 80, 1590, 'P', '2018-04-12 00:52:51', '2015-07-01 08:22:55', '2022-09-24 01:49:16', '2022-09-24 01:49:16'),
(390, 80, 441, 'P', '2019-12-25 09:07:30', '2017-01-19 13:39:47', '2022-09-24 01:49:16', '2022-09-24 01:49:16'),
(391, 81, 1787, 'V', '2012-10-28 03:31:02', NULL, '2022-09-24 01:49:16', '2022-09-24 01:49:16'),
(392, 81, 1042, 'V', '2014-09-07 20:10:26', NULL, '2022-09-24 01:49:16', '2022-09-24 01:49:16'),
(393, 81, 781, 'B', '2018-07-20 03:57:02', NULL, '2022-09-24 01:49:16', '2022-09-24 01:49:16'),
(394, 81, 877, 'V', '2018-11-03 21:31:42', NULL, '2022-09-24 01:49:16', '2022-09-24 01:49:16'),
(395, 81, 1559, 'V', '2015-11-04 18:22:58', NULL, '2022-09-24 01:49:16', '2022-09-24 01:49:16'),
(396, 82, 1238, 'P', '2013-12-16 16:46:25', '2021-08-04 15:04:40', '2022-09-24 01:49:16', '2022-09-24 01:49:16'),
(397, 82, 969, 'V', '2022-05-01 18:38:35', NULL, '2022-09-24 01:49:16', '2022-09-24 01:49:16'),
(398, 82, 1398, 'P', '2020-11-12 01:39:00', '2020-12-24 00:13:37', '2022-09-24 01:49:16', '2022-09-24 01:49:16'),
(399, 82, 912, 'B', '2019-10-20 10:09:17', NULL, '2022-09-24 01:49:16', '2022-09-24 01:49:16'),
(400, 82, 770, 'V', '2016-01-03 03:56:30', NULL, '2022-09-24 01:49:16', '2022-09-24 01:49:16'),
(401, 83, 967, 'B', '2021-01-13 15:16:22', NULL, '2022-09-24 01:49:16', '2022-09-24 01:49:16'),
(402, 83, 1172, 'B', '2017-05-10 12:46:55', NULL, '2022-09-24 01:49:16', '2022-09-24 01:49:16'),
(403, 83, 1939, 'P', '2012-12-25 22:23:25', '2018-09-16 15:52:50', '2022-09-24 01:49:16', '2022-09-24 01:49:16'),
(404, 83, 835, 'V', '2021-10-04 04:47:25', NULL, '2022-09-24 01:49:16', '2022-09-24 01:49:16'),
(405, 83, 485, 'B', '2019-02-07 08:52:19', NULL, '2022-09-24 01:49:16', '2022-09-24 01:49:16'),
(406, 84, 521, 'P', '2016-12-04 16:22:56', '2020-11-12 02:50:52', '2022-09-24 01:49:16', '2022-09-24 01:49:16'),
(407, 84, 1727, 'V', '2022-09-22 12:21:38', NULL, '2022-09-24 01:49:16', '2022-09-24 01:49:16'),
(408, 84, 227, 'B', '2012-12-24 19:08:50', NULL, '2022-09-24 01:49:16', '2022-09-24 01:49:16'),
(409, 84, 971, 'B', '2012-10-19 03:22:54', NULL, '2022-09-24 01:49:16', '2022-09-24 01:49:16'),
(410, 84, 1693, 'B', '2018-09-07 22:15:27', NULL, '2022-09-24 01:49:16', '2022-09-24 01:49:16'),
(411, 85, 1478, 'B', '2022-05-09 04:37:12', NULL, '2022-09-24 01:49:16', '2022-09-24 01:49:16'),
(412, 85, 1404, 'V', '2018-03-30 23:42:41', NULL, '2022-09-24 01:49:16', '2022-09-24 01:49:16'),
(413, 85, 627, 'B', '2013-11-01 00:45:46', NULL, '2022-09-24 01:49:16', '2022-09-24 01:49:16'),
(414, 85, 527, 'V', '2020-04-14 22:18:45', NULL, '2022-09-24 01:49:16', '2022-09-24 01:49:16'),
(415, 85, 1234, 'B', '2017-03-12 14:53:04', NULL, '2022-09-24 01:49:16', '2022-09-24 01:49:16'),
(416, 86, 601, 'B', '2020-02-26 05:10:28', NULL, '2022-09-24 01:49:16', '2022-09-24 01:49:16'),
(417, 86, 1001, 'B', '2022-09-13 12:08:34', NULL, '2022-09-24 01:49:16', '2022-09-24 01:49:16'),
(418, 86, 1005, 'B', '2019-02-17 09:29:56', NULL, '2022-09-24 01:49:16', '2022-09-24 01:49:16'),
(419, 86, 735, 'P', '2013-06-04 06:28:40', '2013-05-12 07:08:31', '2022-09-24 01:49:16', '2022-09-24 01:49:16'),
(420, 86, 1373, 'B', '2013-09-08 06:27:34', NULL, '2022-09-24 01:49:16', '2022-09-24 01:49:16'),
(421, 87, 1144, 'P', '2021-11-08 03:31:11', '2013-03-30 09:35:08', '2022-09-24 01:49:16', '2022-09-24 01:49:16'),
(422, 87, 1396, 'B', '2018-05-04 22:10:20', NULL, '2022-09-24 01:49:16', '2022-09-24 01:49:16'),
(423, 87, 647, 'B', '2016-09-23 18:08:07', NULL, '2022-09-24 01:49:16', '2022-09-24 01:49:16'),
(424, 87, 1760, 'P', '2018-09-22 16:27:09', '2017-03-26 15:48:22', '2022-09-24 01:49:16', '2022-09-24 01:49:16'),
(425, 87, 743, 'P', '2019-03-18 14:37:18', '2018-08-03 23:47:33', '2022-09-24 01:49:16', '2022-09-24 01:49:16'),
(426, 88, 104, 'P', '2019-01-20 07:47:11', '2015-10-29 03:41:33', '2022-09-24 01:49:16', '2022-09-24 01:49:16'),
(427, 88, 1684, 'V', '2013-04-12 08:06:52', NULL, '2022-09-24 01:49:16', '2022-09-24 01:49:16'),
(428, 88, 529, 'V', '2012-10-02 05:06:52', NULL, '2022-09-24 01:49:16', '2022-09-24 01:49:16'),
(429, 88, 270, 'B', '2018-03-19 18:04:19', NULL, '2022-09-24 01:49:16', '2022-09-24 01:49:16'),
(430, 88, 1701, 'P', '2015-08-14 13:55:10', '2014-05-14 10:52:31', '2022-09-24 01:49:16', '2022-09-24 01:49:16'),
(431, 89, 1150, 'B', '2017-03-09 09:30:22', NULL, '2022-09-24 01:49:16', '2022-09-24 01:49:16'),
(432, 89, 523, 'V', '2015-06-10 06:31:55', NULL, '2022-09-24 01:49:16', '2022-09-24 01:49:16'),
(433, 89, 1635, 'V', '2020-03-17 00:53:12', NULL, '2022-09-24 01:49:16', '2022-09-24 01:49:16'),
(434, 89, 1477, 'V', '2019-08-03 15:15:54', NULL, '2022-09-24 01:49:16', '2022-09-24 01:49:16'),
(435, 89, 1876, 'B', '2022-07-02 01:49:45', NULL, '2022-09-24 01:49:16', '2022-09-24 01:49:16'),
(436, 90, 250, 'B', '2013-04-29 03:45:09', NULL, '2022-09-24 01:49:16', '2022-09-24 01:49:16'),
(437, 90, 130, 'V', '2019-11-15 16:43:38', NULL, '2022-09-24 01:49:16', '2022-09-24 01:49:16'),
(438, 90, 527, 'V', '2015-03-11 19:09:39', NULL, '2022-09-24 01:49:16', '2022-09-24 01:49:16'),
(439, 90, 977, 'P', '2021-02-16 05:03:04', '2015-05-03 09:38:33', '2022-09-24 01:49:16', '2022-09-24 01:49:16'),
(440, 90, 1409, 'P', '2020-01-05 03:21:12', '2012-12-16 17:05:55', '2022-09-24 01:49:16', '2022-09-24 01:49:16'),
(441, 91, 425, 'B', '2019-01-27 15:11:14', NULL, '2022-09-24 01:49:16', '2022-09-24 01:49:16'),
(442, 91, 624, 'P', '2013-09-07 05:28:20', '2016-02-26 23:24:04', '2022-09-24 01:49:16', '2022-09-24 01:49:16'),
(443, 91, 467, 'V', '2019-03-21 01:28:45', NULL, '2022-09-24 01:49:16', '2022-09-24 01:49:16'),
(444, 91, 1382, 'V', '2020-04-02 07:53:40', NULL, '2022-09-24 01:49:16', '2022-09-24 01:49:16'),
(445, 91, 1648, 'P', '2016-04-08 19:42:46', '2015-04-06 00:17:04', '2022-09-24 01:49:16', '2022-09-24 01:49:16'),
(446, 92, 843, 'V', '2013-04-18 09:47:23', NULL, '2022-09-24 01:49:16', '2022-09-24 01:49:16'),
(447, 92, 466, 'B', '2016-06-16 02:39:18', NULL, '2022-09-24 01:49:16', '2022-09-24 01:49:16'),
(448, 92, 1003, 'P', '2015-11-10 14:56:37', '2018-12-23 01:53:12', '2022-09-24 01:49:16', '2022-09-24 01:49:16'),
(449, 92, 740, 'P', '2018-03-21 13:48:43', '2020-01-09 13:19:26', '2022-09-24 01:49:16', '2022-09-24 01:49:16'),
(450, 92, 420, 'B', '2021-06-05 06:02:27', NULL, '2022-09-24 01:49:16', '2022-09-24 01:49:16'),
(451, 93, 507, 'P', '2013-02-01 07:03:09', '2020-03-18 08:36:47', '2022-09-24 01:49:16', '2022-09-24 01:49:16'),
(452, 93, 1544, 'V', '2013-04-20 11:04:22', NULL, '2022-09-24 01:49:16', '2022-09-24 01:49:16'),
(453, 93, 460, 'V', '2013-12-15 06:38:18', NULL, '2022-09-24 01:49:16', '2022-09-24 01:49:16'),
(454, 93, 1845, 'V', '2019-05-12 12:42:45', NULL, '2022-09-24 01:49:16', '2022-09-24 01:49:16'),
(455, 93, 1173, 'V', '2015-09-18 01:35:54', NULL, '2022-09-24 01:49:16', '2022-09-24 01:49:16'),
(456, 94, 1341, 'P', '2016-08-13 20:02:18', '2018-09-15 16:41:49', '2022-09-24 01:49:16', '2022-09-24 01:49:16'),
(457, 94, 183, 'P', '2016-04-24 22:22:53', '2021-02-11 21:26:11', '2022-09-24 01:49:16', '2022-09-24 01:49:16'),
(458, 94, 1319, 'P', '2016-01-25 06:09:31', '2021-10-25 11:37:02', '2022-09-24 01:49:16', '2022-09-24 01:49:16'),
(459, 94, 383, 'V', '2015-03-25 23:20:21', NULL, '2022-09-24 01:49:16', '2022-09-24 01:49:16'),
(460, 94, 1482, 'V', '2013-11-22 08:38:13', NULL, '2022-09-24 01:49:16', '2022-09-24 01:49:16'),
(461, 95, 633, 'V', '2015-03-14 16:11:21', NULL, '2022-09-24 01:49:16', '2022-09-24 01:49:16'),
(462, 95, 1000, 'B', '2019-01-23 04:44:55', NULL, '2022-09-24 01:49:16', '2022-09-24 01:49:16'),
(463, 95, 252, 'V', '2014-03-08 05:15:22', NULL, '2022-09-24 01:49:16', '2022-09-24 01:49:16'),
(464, 95, 347, 'B', '2018-10-15 20:34:38', NULL, '2022-09-24 01:49:16', '2022-09-24 01:49:16'),
(465, 95, 707, 'B', '2019-06-14 00:10:15', NULL, '2022-09-24 01:49:16', '2022-09-24 01:49:16'),
(466, 96, 1018, 'V', '2018-10-30 03:46:46', NULL, '2022-09-24 01:49:16', '2022-09-24 01:49:16'),
(467, 96, 871, 'V', '2012-11-29 14:44:31', NULL, '2022-09-24 01:49:16', '2022-09-24 01:49:16'),
(468, 96, 658, 'P', '2022-09-09 08:49:42', '2020-11-04 15:04:28', '2022-09-24 01:49:16', '2022-09-24 01:49:16'),
(469, 96, 999, 'B', '2021-09-08 12:21:26', NULL, '2022-09-24 01:49:16', '2022-09-24 01:49:16'),
(470, 96, 1869, 'B', '2018-10-18 16:30:59', NULL, '2022-09-24 01:49:16', '2022-09-24 01:49:16'),
(471, 97, 805, 'P', '2015-04-16 00:48:46', '2015-11-27 01:44:27', '2022-09-24 01:49:16', '2022-09-24 01:49:16'),
(472, 97, 614, 'B', '2021-12-17 21:48:37', NULL, '2022-09-24 01:49:16', '2022-09-24 01:49:16'),
(473, 97, 1468, 'V', '2015-12-22 02:26:22', NULL, '2022-09-24 01:49:16', '2022-09-24 01:49:16'),
(474, 97, 1008, 'V', '2016-04-19 09:28:02', NULL, '2022-09-24 01:49:16', '2022-09-24 01:49:16'),
(475, 97, 1392, 'B', '2022-09-05 23:12:24', NULL, '2022-09-24 01:49:16', '2022-09-24 01:49:16'),
(476, 98, 874, 'P', '2015-07-09 13:03:33', '2017-12-18 22:48:58', '2022-09-24 01:49:16', '2022-09-24 01:49:16'),
(477, 98, 233, 'P', '2019-04-14 23:21:40', '2018-02-14 15:53:46', '2022-09-24 01:49:16', '2022-09-24 01:49:16'),
(478, 98, 1595, 'P', '2019-08-12 07:35:09', '2015-01-14 15:20:34', '2022-09-24 01:49:16', '2022-09-24 01:49:16'),
(479, 98, 814, 'V', '2017-01-02 08:14:16', NULL, '2022-09-24 01:49:16', '2022-09-24 01:49:16'),
(480, 98, 859, 'B', '2019-11-29 12:20:47', NULL, '2022-09-24 01:49:16', '2022-09-24 01:49:16'),
(481, 99, 1715, 'P', '2022-08-06 21:47:56', '2016-12-17 02:44:27', '2022-09-24 01:49:16', '2022-09-24 01:49:16'),
(482, 99, 1777, 'B', '2016-03-12 00:49:19', NULL, '2022-09-24 01:49:16', '2022-09-24 01:49:16'),
(483, 99, 661, 'V', '2016-09-26 14:40:49', NULL, '2022-09-24 01:49:16', '2022-09-24 01:49:16'),
(484, 99, 922, 'V', '2019-10-06 20:05:57', NULL, '2022-09-24 01:49:16', '2022-09-24 01:49:16'),
(485, 99, 575, 'B', '2018-09-28 15:57:42', NULL, '2022-09-24 01:49:16', '2022-09-24 01:49:16'),
(486, 100, 1425, 'V', '2012-12-25 12:16:18', NULL, '2022-09-24 01:49:16', '2022-09-24 01:49:16'),
(487, 100, 1687, 'P', '2021-10-26 17:41:26', '2016-08-28 18:46:08', '2022-09-24 01:49:16', '2022-09-24 01:49:16'),
(488, 100, 626, 'V', '2013-12-30 04:38:40', NULL, '2022-09-24 01:49:16', '2022-09-24 01:49:16'),
(489, 100, 1118, 'B', '2015-04-27 21:33:01', NULL, '2022-09-24 01:49:16', '2022-09-24 01:49:16'),
(490, 100, 1964, 'B', '2016-01-17 06:35:23', NULL, '2022-09-24 01:49:16', '2022-09-24 01:49:16'),
(491, 101, 1062, 'V', '2016-11-20 20:36:24', NULL, '2022-09-24 01:49:16', '2022-09-24 01:49:16'),
(492, 101, 1540, 'B', '2020-02-18 04:01:22', NULL, '2022-09-24 01:49:16', '2022-09-24 01:49:16'),
(493, 101, 1417, 'P', '2015-11-27 04:03:43', '2015-01-06 21:27:19', '2022-09-24 01:49:16', '2022-09-24 01:49:16'),
(494, 101, 1225, 'P', '2021-11-20 15:47:55', '2014-05-24 17:56:13', '2022-09-24 01:49:16', '2022-09-24 01:49:16'),
(495, 101, 1784, 'P', '2019-04-01 13:49:46', '2020-11-13 11:19:00', '2022-09-24 01:49:16', '2022-09-24 01:49:16'),
(496, 102, 202, 'P', '2020-09-03 16:25:11', '2019-03-22 15:24:14', '2022-09-24 01:49:16', '2022-09-24 01:49:16'),
(497, 102, 1897, 'B', '2020-03-22 14:40:45', NULL, '2022-09-24 01:49:16', '2022-09-24 01:49:16'),
(498, 102, 1789, 'V', '2022-08-05 00:06:39', NULL, '2022-09-24 01:49:16', '2022-09-24 01:49:16'),
(499, 102, 127, 'B', '2018-06-12 17:38:02', NULL, '2022-09-24 01:49:16', '2022-09-24 01:49:16'),
(500, 102, 187, 'B', '2019-05-25 23:35:59', NULL, '2022-09-24 01:49:16', '2022-09-24 01:49:16'),
(501, 103, 1317, 'V', '2017-12-17 02:41:14', NULL, '2022-09-24 01:49:16', '2022-09-24 01:49:16');
INSERT INTO `invoices` (`id`, `customer_id`, `amount`, `status`, `billed_dated`, `paid_dated`, `created_at`, `updated_at`) VALUES
(502, 103, 1792, 'V', '2019-04-11 05:00:34', NULL, '2022-09-24 01:49:16', '2022-09-24 01:49:16'),
(503, 103, 1298, 'B', '2017-11-22 04:24:14', NULL, '2022-09-24 01:49:16', '2022-09-24 01:49:16'),
(504, 104, 350, 'B', '2021-02-27 22:40:43', NULL, '2022-09-24 01:49:16', '2022-09-24 01:49:16'),
(505, 104, 1075, 'V', '2019-04-20 12:01:01', NULL, '2022-09-24 01:49:16', '2022-09-24 01:49:16'),
(506, 104, 383, 'B', '2013-01-31 15:27:30', NULL, '2022-09-24 01:49:16', '2022-09-24 01:49:16'),
(507, 105, 540, 'V', '2019-10-18 20:23:05', NULL, '2022-09-24 01:49:16', '2022-09-24 01:49:16'),
(508, 105, 875, 'V', '2021-10-31 00:09:48', NULL, '2022-09-24 01:49:16', '2022-09-24 01:49:16'),
(509, 105, 207, 'P', '2018-04-13 23:24:30', '2016-02-15 22:44:01', '2022-09-24 01:49:16', '2022-09-24 01:49:16'),
(510, 106, 1998, 'P', '2019-02-07 08:52:10', '2014-01-25 10:12:13', '2022-09-24 01:49:16', '2022-09-24 01:49:16'),
(511, 106, 1145, 'V', '2022-03-20 00:22:06', NULL, '2022-09-24 01:49:16', '2022-09-24 01:49:16'),
(512, 106, 299, 'V', '2014-02-12 22:46:48', NULL, '2022-09-24 01:49:16', '2022-09-24 01:49:16'),
(513, 107, 1863, 'P', '2018-02-10 23:18:28', '2022-09-07 16:48:44', '2022-09-24 01:49:16', '2022-09-24 01:49:16'),
(514, 107, 1398, 'P', '2014-02-18 19:35:04', '2019-11-13 12:59:21', '2022-09-24 01:49:16', '2022-09-24 01:49:16'),
(515, 107, 906, 'V', '2015-09-03 01:00:30', NULL, '2022-09-24 01:49:16', '2022-09-24 01:49:16'),
(516, 108, 507, 'V', '2019-01-17 10:30:03', NULL, '2022-09-24 01:49:16', '2022-09-24 01:49:16'),
(517, 108, 664, 'P', '2017-01-21 18:25:20', '2019-12-26 18:04:23', '2022-09-24 01:49:16', '2022-09-24 01:49:16'),
(518, 108, 192, 'V', '2015-03-17 07:45:11', NULL, '2022-09-24 01:49:16', '2022-09-24 01:49:16'),
(519, 109, 434, 'B', '2013-01-28 00:55:34', NULL, '2022-09-24 01:49:16', '2022-09-24 01:49:16'),
(520, 109, 907, 'P', '2017-12-26 14:30:38', '2018-10-31 16:05:18', '2022-09-24 01:49:16', '2022-09-24 01:49:16'),
(521, 109, 1195, 'V', '2014-11-11 12:50:58', NULL, '2022-09-24 01:49:16', '2022-09-24 01:49:16'),
(522, 110, 301, 'B', '2020-11-22 19:19:22', NULL, '2022-09-24 01:49:16', '2022-09-24 01:49:16'),
(523, 110, 1807, 'V', '2019-05-11 05:40:07', NULL, '2022-09-24 01:49:16', '2022-09-24 01:49:16'),
(524, 110, 1130, 'V', '2022-02-26 23:59:02', NULL, '2022-09-24 01:49:16', '2022-09-24 01:49:16'),
(525, 111, 1608, 'V', '2015-08-03 00:20:55', NULL, '2022-09-24 01:49:16', '2022-09-24 01:49:16'),
(526, 111, 572, 'B', '2020-02-16 09:51:01', NULL, '2022-09-24 01:49:16', '2022-09-24 01:49:16'),
(527, 111, 722, 'P', '2021-04-15 01:48:28', '2015-10-11 11:42:40', '2022-09-24 01:49:16', '2022-09-24 01:49:16'),
(528, 112, 412, 'P', '2020-09-03 12:20:18', '2014-08-17 11:55:16', '2022-09-24 01:49:16', '2022-09-24 01:49:16'),
(529, 112, 367, 'B', '2015-09-19 14:45:21', NULL, '2022-09-24 01:49:16', '2022-09-24 01:49:16'),
(530, 112, 1204, 'B', '2014-08-04 20:35:44', NULL, '2022-09-24 01:49:16', '2022-09-24 01:49:16'),
(531, 113, 959, 'P', '2014-11-25 06:28:16', '2022-03-31 17:48:29', '2022-09-24 01:49:16', '2022-09-24 01:49:16'),
(532, 113, 1544, 'V', '2013-01-24 14:18:42', NULL, '2022-09-24 01:49:16', '2022-09-24 01:49:16'),
(533, 113, 1524, 'V', '2014-06-06 13:41:19', NULL, '2022-09-24 01:49:16', '2022-09-24 01:49:16'),
(534, 114, 901, 'P', '2022-01-30 05:54:13', '2021-01-30 17:20:55', '2022-09-24 01:49:16', '2022-09-24 01:49:16'),
(535, 114, 453, 'P', '2019-12-01 09:03:15', '2013-05-17 00:51:19', '2022-09-24 01:49:16', '2022-09-24 01:49:16'),
(536, 114, 1477, 'B', '2021-04-20 21:52:41', NULL, '2022-09-24 01:49:16', '2022-09-24 01:49:16'),
(537, 115, 1564, 'B', '2020-05-29 10:46:53', NULL, '2022-09-24 01:49:16', '2022-09-24 01:49:16'),
(538, 115, 1002, 'P', '2020-01-22 15:41:04', '2013-12-08 18:26:40', '2022-09-24 01:49:16', '2022-09-24 01:49:16'),
(539, 115, 371, 'B', '2018-03-26 09:32:53', NULL, '2022-09-24 01:49:16', '2022-09-24 01:49:16'),
(540, 116, 1218, 'B', '2013-10-14 17:43:25', NULL, '2022-09-24 01:49:16', '2022-09-24 01:49:16'),
(541, 116, 151, 'P', '2019-10-02 22:51:58', '2020-04-09 10:32:00', '2022-09-24 01:49:16', '2022-09-24 01:49:16'),
(542, 116, 1410, 'V', '2019-09-09 23:38:46', NULL, '2022-09-24 01:49:16', '2022-09-24 01:49:16'),
(543, 117, 495, 'V', '2013-03-08 00:38:35', NULL, '2022-09-24 01:49:16', '2022-09-24 01:49:16'),
(544, 117, 507, 'B', '2019-10-10 10:01:45', NULL, '2022-09-24 01:49:16', '2022-09-24 01:49:16'),
(545, 117, 1278, 'P', '2022-05-16 08:00:31', '2022-02-27 11:31:08', '2022-09-24 01:49:16', '2022-09-24 01:49:16'),
(546, 118, 1556, 'P', '2019-02-09 15:46:11', '2016-05-12 15:46:30', '2022-09-24 01:49:16', '2022-09-24 01:49:16'),
(547, 118, 1701, 'V', '2017-08-21 23:13:10', NULL, '2022-09-24 01:49:16', '2022-09-24 01:49:16'),
(548, 118, 1670, 'B', '2013-12-16 02:54:18', NULL, '2022-09-24 01:49:16', '2022-09-24 01:49:16'),
(549, 119, 344, 'B', '2017-06-28 21:15:17', NULL, '2022-09-24 01:49:16', '2022-09-24 01:49:16'),
(550, 119, 1623, 'B', '2016-06-03 08:24:51', NULL, '2022-09-24 01:49:16', '2022-09-24 01:49:16'),
(551, 119, 1292, 'P', '2018-09-13 22:28:52', '2020-04-20 15:31:40', '2022-09-24 01:49:16', '2022-09-24 01:49:16'),
(552, 120, 634, 'P', '2013-01-10 17:42:42', '2021-02-04 08:39:51', '2022-09-24 01:49:16', '2022-09-24 01:49:16'),
(553, 120, 269, 'V', '2019-02-03 18:27:21', NULL, '2022-09-24 01:49:16', '2022-09-24 01:49:16'),
(554, 120, 699, 'P', '2020-01-02 17:24:23', '2016-06-09 06:31:42', '2022-09-24 01:49:16', '2022-09-24 01:49:16'),
(555, 121, 677, 'V', '2018-09-17 20:00:49', NULL, '2022-09-24 01:49:16', '2022-09-24 01:49:16'),
(556, 121, 1231, 'B', '2016-04-04 03:47:14', NULL, '2022-09-24 01:49:16', '2022-09-24 01:49:16'),
(557, 121, 600, 'V', '2019-12-09 06:38:18', NULL, '2022-09-24 01:49:16', '2022-09-24 01:49:16'),
(558, 122, 1176, 'B', '2013-10-03 21:39:44', NULL, '2022-09-24 01:49:16', '2022-09-24 01:49:16'),
(559, 122, 1708, 'V', '2013-06-02 14:13:24', NULL, '2022-09-24 01:49:16', '2022-09-24 01:49:16'),
(560, 122, 1534, 'V', '2013-02-06 08:07:50', NULL, '2022-09-24 01:49:16', '2022-09-24 01:49:16'),
(561, 123, 688, 'B', '2017-01-04 17:30:43', NULL, '2022-09-24 01:49:16', '2022-09-24 01:49:16'),
(562, 123, 904, 'P', '2020-04-02 07:23:54', '2022-09-03 00:16:18', '2022-09-24 01:49:16', '2022-09-24 01:49:16'),
(563, 123, 1431, 'P', '2017-12-22 12:51:11', '2019-09-13 17:51:40', '2022-09-24 01:49:16', '2022-09-24 01:49:16'),
(564, 124, 1534, 'P', '2020-02-22 07:07:37', '2014-03-10 19:39:45', '2022-09-24 01:49:16', '2022-09-24 01:49:16'),
(565, 124, 1740, 'B', '2020-01-24 23:42:29', NULL, '2022-09-24 01:49:16', '2022-09-24 01:49:16'),
(566, 124, 1858, 'B', '2022-05-15 13:50:09', NULL, '2022-09-24 01:49:16', '2022-09-24 01:49:16'),
(567, 125, 1498, 'P', '2020-04-11 18:33:16', '2019-05-18 21:56:29', '2022-09-24 01:49:16', '2022-09-24 01:49:16'),
(568, 125, 1440, 'B', '2013-10-01 16:50:07', NULL, '2022-09-24 01:49:16', '2022-09-24 01:49:16'),
(569, 125, 797, 'P', '2016-07-30 14:56:23', '2017-07-08 00:23:11', '2022-09-24 01:49:16', '2022-09-24 01:49:16'),
(570, 126, 962, 'B', '2021-12-07 06:06:02', NULL, '2022-09-24 01:49:16', '2022-09-24 01:49:16'),
(571, 126, 1157, 'B', '2019-12-05 05:21:26', NULL, '2022-09-24 01:49:16', '2022-09-24 01:49:16'),
(572, 126, 1740, 'B', '2020-05-19 08:04:38', NULL, '2022-09-24 01:49:16', '2022-09-24 01:49:16'),
(573, 127, 238, 'P', '2020-07-26 02:08:57', '2022-01-15 03:49:02', '2022-09-24 01:49:16', '2022-09-24 01:49:16'),
(574, 127, 724, 'B', '2021-03-10 22:20:31', NULL, '2022-09-24 01:49:16', '2022-09-24 01:49:16'),
(575, 127, 1707, 'V', '2016-01-26 04:20:05', NULL, '2022-09-24 01:49:16', '2022-09-24 01:49:16'),
(576, 128, 112, 'V', '2020-09-03 08:48:20', NULL, '2022-09-24 01:49:16', '2022-09-24 01:49:16'),
(577, 128, 1886, 'B', '2017-08-07 02:45:23', NULL, '2022-09-24 01:49:16', '2022-09-24 01:49:16'),
(578, 128, 1699, 'B', '2017-08-08 12:03:37', NULL, '2022-09-24 01:49:16', '2022-09-24 01:49:16'),
(579, 129, 1017, 'V', '2021-07-03 09:06:52', NULL, '2022-09-24 01:49:16', '2022-09-24 01:49:16'),
(580, 129, 1107, 'P', '2018-09-22 19:08:47', '2019-07-26 14:04:32', '2022-09-24 01:49:16', '2022-09-24 01:49:16'),
(581, 129, 114, 'P', '2020-11-03 07:35:53', '2020-07-18 06:26:43', '2022-09-24 01:49:16', '2022-09-24 01:49:16'),
(582, 130, 1509, 'P', '2012-09-30 14:26:57', '2021-03-20 00:15:03', '2022-09-24 01:49:16', '2022-09-24 01:49:16'),
(583, 130, 471, 'V', '2021-04-14 16:04:13', NULL, '2022-09-24 01:49:16', '2022-09-24 01:49:16'),
(584, 130, 1268, 'B', '2014-10-25 13:43:48', NULL, '2022-09-24 01:49:16', '2022-09-24 01:49:16'),
(585, 131, 430, 'V', '2019-10-21 22:22:14', NULL, '2022-09-24 01:49:16', '2022-09-24 01:49:16'),
(586, 131, 1031, 'P', '2013-10-15 01:57:30', '2020-08-10 23:06:40', '2022-09-24 01:49:16', '2022-09-24 01:49:16'),
(587, 131, 212, 'V', '2014-03-26 19:39:00', NULL, '2022-09-24 01:49:16', '2022-09-24 01:49:16'),
(588, 132, 1264, 'V', '2019-10-27 22:23:49', NULL, '2022-09-24 01:49:16', '2022-09-24 01:49:16'),
(589, 132, 314, 'V', '2018-07-01 03:39:23', NULL, '2022-09-24 01:49:16', '2022-09-24 01:49:16'),
(590, 132, 1391, 'P', '2019-04-09 07:33:01', '2013-10-14 18:27:13', '2022-09-24 01:49:16', '2022-09-24 01:49:16'),
(591, 133, 1905, 'V', '2018-05-11 10:57:49', NULL, '2022-09-24 01:49:16', '2022-09-24 01:49:16'),
(592, 133, 1984, 'V', '2015-11-25 01:43:07', NULL, '2022-09-24 01:49:16', '2022-09-24 01:49:16'),
(593, 133, 1440, 'V', '2021-04-02 20:06:42', NULL, '2022-09-24 01:49:16', '2022-09-24 01:49:16'),
(594, 134, 1818, 'V', '2019-08-27 20:59:35', NULL, '2022-09-24 01:49:16', '2022-09-24 01:49:16'),
(595, 134, 654, 'P', '2017-04-14 03:34:34', '2015-07-30 16:33:55', '2022-09-24 01:49:16', '2022-09-24 01:49:16'),
(596, 134, 1347, 'B', '2013-04-21 03:52:37', NULL, '2022-09-24 01:49:16', '2022-09-24 01:49:16'),
(597, 135, 1963, 'B', '2021-06-12 03:06:36', NULL, '2022-09-24 01:49:16', '2022-09-24 01:49:16'),
(598, 135, 241, 'V', '2012-10-20 15:50:07', NULL, '2022-09-24 01:49:16', '2022-09-24 01:49:16'),
(599, 135, 925, 'B', '2018-01-23 02:38:30', NULL, '2022-09-24 01:49:16', '2022-09-24 01:49:16'),
(600, 136, 1759, 'B', '2016-10-05 22:21:16', NULL, '2022-09-24 01:49:16', '2022-09-24 01:49:16'),
(601, 136, 808, 'B', '2015-06-02 15:48:34', NULL, '2022-09-24 01:49:16', '2022-09-24 01:49:16'),
(602, 136, 1654, 'V', '2018-11-15 06:54:46', NULL, '2022-09-24 01:49:16', '2022-09-24 01:49:16'),
(603, 137, 1622, 'P', '2016-04-22 11:06:19', '2017-12-13 20:39:10', '2022-09-24 01:49:16', '2022-09-24 01:49:16'),
(604, 137, 1980, 'V', '2019-03-18 07:20:39', NULL, '2022-09-24 01:49:16', '2022-09-24 01:49:16'),
(605, 137, 718, 'P', '2019-01-05 20:47:12', '2015-06-21 01:11:02', '2022-09-24 01:49:16', '2022-09-24 01:49:16'),
(606, 138, 358, 'B', '2019-05-20 13:24:54', NULL, '2022-09-24 01:49:16', '2022-09-24 01:49:16'),
(607, 138, 1142, 'B', '2019-06-10 10:25:13', NULL, '2022-09-24 01:49:16', '2022-09-24 01:49:16'),
(608, 138, 618, 'V', '2014-03-23 18:18:06', NULL, '2022-09-24 01:49:16', '2022-09-24 01:49:16'),
(609, 139, 565, 'V', '2022-06-01 10:35:56', NULL, '2022-09-24 01:49:16', '2022-09-24 01:49:16'),
(610, 139, 1904, 'P', '2019-12-06 10:13:34', '2014-06-04 04:44:56', '2022-09-24 01:49:16', '2022-09-24 01:49:16'),
(611, 139, 937, 'B', '2017-08-10 14:18:35', NULL, '2022-09-24 01:49:16', '2022-09-24 01:49:16'),
(612, 140, 395, 'B', '2020-05-06 10:20:09', NULL, '2022-09-24 01:49:16', '2022-09-24 01:49:16'),
(613, 140, 1193, 'B', '2012-12-24 07:52:20', NULL, '2022-09-24 01:49:16', '2022-09-24 01:49:16'),
(614, 140, 2000, 'B', '2014-05-26 04:57:25', NULL, '2022-09-24 01:49:16', '2022-09-24 01:49:16'),
(615, 141, 272, 'B', '2018-12-16 16:18:52', NULL, '2022-09-24 01:49:16', '2022-09-24 01:49:16'),
(616, 141, 1603, 'B', '2018-10-26 19:20:59', NULL, '2022-09-24 01:49:16', '2022-09-24 01:49:16'),
(617, 141, 1250, 'V', '2018-07-29 16:35:03', NULL, '2022-09-24 01:49:16', '2022-09-24 01:49:16'),
(618, 142, 729, 'P', '2014-05-25 16:43:37', '2013-04-12 23:04:11', '2022-09-24 01:49:16', '2022-09-24 01:49:16'),
(619, 142, 1591, 'V', '2016-08-04 12:06:00', NULL, '2022-09-24 01:49:16', '2022-09-24 01:49:16'),
(620, 142, 596, 'V', '2016-07-21 06:41:29', NULL, '2022-09-24 01:49:16', '2022-09-24 01:49:16'),
(621, 143, 722, 'V', '2016-06-02 08:21:47', NULL, '2022-09-24 01:49:16', '2022-09-24 01:49:16'),
(622, 143, 1498, 'P', '2014-05-17 16:20:49', '2014-09-07 18:05:19', '2022-09-24 01:49:16', '2022-09-24 01:49:16'),
(623, 143, 1615, 'V', '2019-01-07 22:09:37', NULL, '2022-09-24 01:49:16', '2022-09-24 01:49:16'),
(624, 144, 1689, 'V', '2013-07-14 22:38:04', NULL, '2022-09-24 01:49:16', '2022-09-24 01:49:16'),
(625, 144, 1062, 'P', '2014-08-04 02:32:57', '2017-10-15 15:16:16', '2022-09-24 01:49:16', '2022-09-24 01:49:16'),
(626, 144, 1597, 'V', '2020-08-29 21:45:56', NULL, '2022-09-24 01:49:16', '2022-09-24 01:49:16'),
(627, 145, 1469, 'V', '2019-02-18 20:08:44', NULL, '2022-09-24 01:49:16', '2022-09-24 01:49:16'),
(628, 145, 1952, 'B', '2017-11-24 11:11:42', NULL, '2022-09-24 01:49:16', '2022-09-24 01:49:16'),
(629, 145, 1386, 'B', '2014-10-19 07:19:23', NULL, '2022-09-24 01:49:16', '2022-09-24 01:49:16'),
(630, 146, 1016, 'P', '2016-10-28 15:53:04', '2022-03-21 13:15:10', '2022-09-24 01:49:16', '2022-09-24 01:49:16'),
(631, 146, 960, 'P', '2021-12-12 08:34:45', '2015-12-01 15:14:14', '2022-09-24 01:49:16', '2022-09-24 01:49:16'),
(632, 146, 1122, 'P', '2018-04-26 02:45:23', '2014-11-03 17:11:06', '2022-09-24 01:49:16', '2022-09-24 01:49:16'),
(633, 147, 1884, 'P', '2018-11-08 03:08:24', '2013-10-22 06:15:15', '2022-09-24 01:49:16', '2022-09-24 01:49:16'),
(634, 147, 420, 'P', '2016-10-22 19:08:44', '2017-02-24 14:58:58', '2022-09-24 01:49:16', '2022-09-24 01:49:16'),
(635, 147, 1128, 'P', '2018-11-15 02:49:57', '2018-12-09 02:29:22', '2022-09-24 01:49:16', '2022-09-24 01:49:16'),
(636, 148, 1395, 'B', '2018-01-31 03:45:27', NULL, '2022-09-24 01:49:16', '2022-09-24 01:49:16'),
(637, 148, 1989, 'P', '2018-10-15 10:47:43', '2013-01-21 04:12:11', '2022-09-24 01:49:16', '2022-09-24 01:49:16'),
(638, 148, 1270, 'B', '2016-08-09 01:17:37', NULL, '2022-09-24 01:49:16', '2022-09-24 01:49:16'),
(639, 149, 1925, 'P', '2020-08-18 05:52:41', '2013-02-18 17:34:36', '2022-09-24 01:49:16', '2022-09-24 01:49:16'),
(640, 149, 1113, 'B', '2021-05-12 20:52:12', NULL, '2022-09-24 01:49:16', '2022-09-24 01:49:16'),
(641, 149, 1780, 'P', '2018-10-23 18:30:28', '2015-05-20 21:17:08', '2022-09-24 01:49:16', '2022-09-24 01:49:16'),
(642, 150, 1444, 'B', '2021-03-05 11:05:05', NULL, '2022-09-24 01:49:16', '2022-09-24 01:49:16'),
(643, 150, 836, 'P', '2014-06-07 00:28:35', '2017-04-04 08:12:44', '2022-09-24 01:49:16', '2022-09-24 01:49:16'),
(644, 150, 264, 'P', '2020-11-21 07:05:29', '2014-03-25 13:16:42', '2022-09-24 01:49:16', '2022-09-24 01:49:16'),
(645, 151, 500, 'V', '2016-10-17 20:16:59', NULL, '2022-09-24 01:49:16', '2022-09-24 01:49:16'),
(646, 151, 1078, 'B', '2017-06-27 03:41:42', NULL, '2022-09-24 01:49:16', '2022-09-24 01:49:16'),
(647, 151, 131, 'P', '2021-02-15 16:46:04', '2017-05-26 23:18:03', '2022-09-24 01:49:16', '2022-09-24 01:49:16'),
(648, 152, 1905, 'P', '2015-10-24 13:09:44', '2021-03-08 15:35:26', '2022-09-24 01:49:16', '2022-09-24 01:49:16'),
(649, 152, 1258, 'V', '2014-02-25 20:23:13', NULL, '2022-09-24 01:49:16', '2022-09-24 01:49:16'),
(650, 152, 844, 'V', '2017-09-17 06:50:34', NULL, '2022-09-24 01:49:16', '2022-09-24 01:49:16');

-- --------------------------------------------------------

--
-- Table structure for table `migrations`
--

DROP TABLE IF EXISTS `migrations`;
CREATE TABLE IF NOT EXISTS `migrations` (
  `id` int(10) UNSIGNED NOT NULL AUTO_INCREMENT,
  `migration` varchar(191) COLLATE utf8mb4_unicode_ci NOT NULL,
  `batch` int(11) NOT NULL,
  PRIMARY KEY (`id`)
) ENGINE=MyISAM AUTO_INCREMENT=7 DEFAULT CHARSET=utf8mb4 COLLATE=utf8mb4_unicode_ci;

--
-- Dumping data for table `migrations`
--

INSERT INTO `migrations` (`id`, `migration`, `batch`) VALUES
(1, '2014_10_12_000000_create_users_table', 1),
(2, '2014_10_12_100000_create_password_resets_table', 1),
(3, '2019_08_19_000000_create_failed_jobs_table', 1),
(4, '2019_12_14_000001_create_personal_access_tokens_table', 1),
(5, '2022_09_22_131903_create_customers_table', 1),
(6, '2022_09_22_131928_create_invoices_table', 1);

-- --------------------------------------------------------

--
-- Table structure for table `password_resets`
--

DROP TABLE IF EXISTS `password_resets`;
CREATE TABLE IF NOT EXISTS `password_resets` (
  `email` varchar(60) COLLATE utf8mb4_unicode_ci NOT NULL,
  `token` varchar(191) COLLATE utf8mb4_unicode_ci NOT NULL,
  `created_at` timestamp NULL DEFAULT NULL,
  KEY `password_resets_email_index` (`email`)
) ENGINE=MyISAM DEFAULT CHARSET=utf8mb4 COLLATE=utf8mb4_unicode_ci;

-- --------------------------------------------------------

--
-- Table structure for table `personal_access_tokens`
--

DROP TABLE IF EXISTS `personal_access_tokens`;
CREATE TABLE IF NOT EXISTS `personal_access_tokens` (
  `id` bigint(20) UNSIGNED NOT NULL AUTO_INCREMENT,
  `tokenable_type` varchar(191) COLLATE utf8mb4_unicode_ci NOT NULL,
  `tokenable_id` bigint(20) UNSIGNED NOT NULL,
  `name` varchar(191) COLLATE utf8mb4_unicode_ci NOT NULL,
  `token` varchar(64) COLLATE utf8mb4_unicode_ci NOT NULL,
  `abilities` text COLLATE utf8mb4_unicode_ci,
  `last_used_at` timestamp NULL DEFAULT NULL,
  `created_at` timestamp NULL DEFAULT NULL,
  `updated_at` timestamp NULL DEFAULT NULL,
  PRIMARY KEY (`id`),
  UNIQUE KEY `personal_access_tokens_token_unique` (`token`),
  KEY `personal_access_tokens_tokenable_type_tokenable_id_index` (`tokenable_type`,`tokenable_id`)
) ENGINE=MyISAM DEFAULT CHARSET=utf8mb4 COLLATE=utf8mb4_unicode_ci;

-- --------------------------------------------------------

--
-- Table structure for table `users`
--

DROP TABLE IF EXISTS `users`;
CREATE TABLE IF NOT EXISTS `users` (
  `id` bigint(20) UNSIGNED NOT NULL AUTO_INCREMENT,
  `name` varchar(191) COLLATE utf8mb4_unicode_ci NOT NULL,
  `email` varchar(60) COLLATE utf8mb4_unicode_ci NOT NULL,
  `email_verified_at` timestamp NULL DEFAULT NULL,
  `password` varchar(191) COLLATE utf8mb4_unicode_ci NOT NULL,
  `remember_token` varchar(100) COLLATE utf8mb4_unicode_ci DEFAULT NULL,
  `created_at` timestamp NULL DEFAULT NULL,
  `updated_at` timestamp NULL DEFAULT NULL,
  PRIMARY KEY (`id`),
  UNIQUE KEY `users_email_unique` (`email`)
) ENGINE=MyISAM DEFAULT CHARSET=utf8mb4 COLLATE=utf8mb4_unicode_ci;
COMMIT;

/*!40101 SET CHARACTER_SET_CLIENT=@OLD_CHARACTER_SET_CLIENT */;
/*!40101 SET CHARACTER_SET_RESULTS=@OLD_CHARACTER_SET_RESULTS */;
/*!40101 SET COLLATION_CONNECTION=@OLD_COLLATION_CONNECTION */;
